title,link
Black Panther,http://www.rottentomatoes.com/m/black_panther_2018
Avengers: Endgame,http://www.rottentomatoes.com/m/avengers_endgame
Mission: Impossible -- Fallout,http://www.rottentomatoes.com/m/mission_impossible_fallout
Mad Max: Fury Road,http://www.rottentomatoes.com/m/mad_max_fury_road
Spider-Man: Into the Spider-Verse,http://www.rottentomatoes.com/m/spider_man_into_the_spider_verse
Wonder Woman,http://www.rottentomatoes.com/m/wonder_woman_2017
Dunkirk,http://www.rottentomatoes.com/m/dunkirk_2017
Coco,http://www.rottentomatoes.com/m/coco_2017
Thor: Ragnarok,http://www.rottentomatoes.com/m/thor_ragnarok_2017
Logan,http://www.rottentomatoes.com/m/logan_2017
Star Wars: The Last Jedi,http://www.rottentomatoes.com/m/star_wars_the_last_jedi
Star Wars: The Force Awakens,http://www.rottentomatoes.com/m/star_wars_episode_vii_the_force_awakens
The Adventures of Robin Hood,http://www.rottentomatoes.com/m/1000355-adventures_of_robin_hood
King Kong,http://www.rottentomatoes.com/m/1011615-king_kong
Spider-Man: Far From Home,http://www.rottentomatoes.com/m/spider_man_far_from_home
Incredibles 2,http://www.rottentomatoes.com/m/incredibles_2
Zootopia,http://www.rottentomatoes.com/m/zootopia
War for the Planet of the Apes,http://www.rottentomatoes.com/m/war_for_the_planet_of_the_apes
Spider-Man: Homecoming,http://www.rottentomatoes.com/m/spider_man_homecoming
Baby Driver,http://www.rottentomatoes.com/m/baby_driver
Seven Samurai,http://www.rottentomatoes.com/m/seven_samurai_1956
Metropolis,http://www.rottentomatoes.com/m/1013775-metropolis
Jaws,http://www.rottentomatoes.com/m/jaws
Up,http://www.rottentomatoes.com/m/up
Shazam!,http://www.rottentomatoes.com/m/shazam
The Dark Knight,http://www.rottentomatoes.com/m/the_dark_knight
The Treasure of the Sierra Madre,http://www.rottentomatoes.com/m/treasure_of_the_sierra_madre
Blade Runner 2049,http://www.rottentomatoes.com/m/blade_runner_2049
The 39 Steps,http://www.rottentomatoes.com/m/1000121-39_steps
Captain America: Civil War,http://www.rottentomatoes.com/m/captain_america_civil_war
The Jungle Book,http://www.rottentomatoes.com/m/the_jungle_book_2016
Harry Potter and the Deathly Hallows: Part 2,http://www.rottentomatoes.com/m/harry_potter_and_the_deathly_hallows_part_2_2011
Skyfall,http://www.rottentomatoes.com/m/skyfall
Lawrence of Arabia,http://www.rottentomatoes.com/m/lawrence_of_arabia
Mission: Impossible Rogue Nation,http://www.rottentomatoes.com/m/mission_impossible_rogue_nation
Apocalypse Now,http://www.rottentomatoes.com/m/apocalypse_now
The Hurt Locker,http://www.rottentomatoes.com/m/the_hurt_locker
The LEGO Movie,http://www.rottentomatoes.com/m/the_lego_movie
Star Trek,http://www.rottentomatoes.com/m/star_trek_11
Moana,http://www.rottentomatoes.com/m/moana_2016
Avengers: Infinity War,http://www.rottentomatoes.com/m/avengers_infinity_war
Ant-Man and The Wasp,http://www.rottentomatoes.com/m/ant_man_and_the_wasp
Star Wars,http://www.rottentomatoes.com/m/star_wars
Isle of Dogs,http://www.rottentomatoes.com/m/isle_of_dogs_2018
Stagecoach,http://www.rottentomatoes.com/m/1019774-stagecoach
Goldfinger,http://www.rottentomatoes.com/m/goldfinger
Guardians of the Galaxy,http://www.rottentomatoes.com/m/guardians_of_the_galaxy
Kubo and the Two Strings,http://www.rottentomatoes.com/m/kubo_and_the_two_strings_2016
WALL-E,http://www.rottentomatoes.com/m/wall_e
Marvel's the Avengers,http://www.rottentomatoes.com/m/marvels_the_avengers
Iron Man,http://www.rottentomatoes.com/m/iron_man
The Terminator,http://www.rottentomatoes.com/m/terminator
The African Queen,http://www.rottentomatoes.com/m/the_african_queen_1951
Rio Bravo,http://www.rottentomatoes.com/m/rio_bravo
Hunt for the Wilderpeople,http://www.rottentomatoes.com/m/hunt_for_the_wilderpeople
The French Connection,http://www.rottentomatoes.com/m/french_connection
The Taking of Pelham One Two Three,http://www.rottentomatoes.com/m/the_taking_of_pelham_one_two_three
John Wick: Chapter 3 -- Parabellum,http://www.rottentomatoes.com/m/john_wick_chapter_3_parabellum
Doctor Strange,http://www.rottentomatoes.com/m/doctor_strange_2016
Aliens,http://www.rottentomatoes.com/m/1000617-aliens
The Empire Strikes Back,http://www.rottentomatoes.com/m/empire_strikes_back
Paths of Glory,http://www.rottentomatoes.com/m/paths_of_glory
True Grit,http://www.rottentomatoes.com/m/true_grit_2010
X-Men: Days of Future Past,http://www.rottentomatoes.com/m/x_men_days_of_future_past
The Bridge on the River Kwai,http://www.rottentomatoes.com/m/bridge_on_the_river_kwai
Badlands,http://www.rottentomatoes.com/m/badlands
Gun Crazy,http://www.rottentomatoes.com/m/1031278-gun_crazy
All Is Lost,http://www.rottentomatoes.com/m/all_is_lost_2013
The LEGO Batman Movie,http://www.rottentomatoes.com/m/the_lego_batman_movie
The Princess Bride,http://www.rottentomatoes.com/m/princess_bride
Looper,http://www.rottentomatoes.com/m/looper
Chicken Run,http://www.rottentomatoes.com/m/chicken_run
Stalker,http://www.rottentomatoes.com/m/1043378-stalker
Casino Royale,http://www.rottentomatoes.com/m/casino_royale
Guardians of the Galaxy Vol. 2,http://www.rottentomatoes.com/m/guardians_of_the_galaxy_vol_2
The Peanut Butter Falcon,http://www.rottentomatoes.com/m/the_peanut_butter_falcon
No Country for Old Men,http://www.rottentomatoes.com/m/no_country_for_old_men
Dawn of the Planet of the Apes,http://www.rottentomatoes.com/m/dawn_of_the_planet_of_the_apes
Captain Marvel,http://www.rottentomatoes.com/m/captain_marvel
Onward,http://www.rottentomatoes.com/m/onward
Sicario,http://www.rottentomatoes.com/m/sicario_2015
Ghostbusters,http://www.rottentomatoes.com/m/ghostbusters
Ran,http://www.rottentomatoes.com/m/ran
A Fistful of Dollars,http://www.rottentomatoes.com/m/fistful_of_dollars
Henry V,http://www.rottentomatoes.com/m/1029042-henry_v
The Lord of the Rings: The Two Towers,http://www.rottentomatoes.com/m/the_lord_of_the_rings_the_two_towers
Captain America: The Winter Soldier,http://www.rottentomatoes.com/m/captain_america_the_winter_soldier_2014
Back to the Future,http://www.rottentomatoes.com/m/back_to_the_future
Assault on Precinct 13,http://www.rottentomatoes.com/m/1001280-assault_on_precinct_13
The Searchers,http://www.rottentomatoes.com/m/searchers
Deadpool 2,http://www.rottentomatoes.com/m/deadpool_2
Aguirre: The Wrath of God,http://www.rottentomatoes.com/m/aguirre_the_wrath_of_god
"Crouching Tiger, Hidden Dragon",http://www.rottentomatoes.com/m/crouching_tiger_hidden_dragon
The Fugitive,http://www.rottentomatoes.com/m/1046129-fugitive
Apollo 13,http://www.rottentomatoes.com/m/apollo_13
The Lion King,http://www.rottentomatoes.com/m/the_lion_king
Bullitt,http://www.rottentomatoes.com/m/bullitt
Catch Me if You Can,http://www.rottentomatoes.com/m/catch_me_if_you_can
Annihilation,http://www.rottentomatoes.com/m/annihilation
Who Framed Roger Rabbit,http://www.rottentomatoes.com/m/who_framed_roger_rabbit
Toy Story 4,http://www.rottentomatoes.com/m/toy_story_4
Inside Out,http://www.rottentomatoes.com/m/inside_out_2015
Snow White and the Seven Dwarfs,http://www.rottentomatoes.com/m/1048445-snow_white_and_the_seven_dwarfs
Paddington 2,http://www.rottentomatoes.com/m/paddington_2
Toy Story 3,http://www.rottentomatoes.com/m/toy_story_3
Toy Story 2,http://www.rottentomatoes.com/m/toy_story_2
Pinocchio,http://www.rottentomatoes.com/m/pinocchio_1940
Finding Dory,http://www.rottentomatoes.com/m/finding_dory
Finding Nemo,http://www.rottentomatoes.com/m/finding_nemo
Toy Story,http://www.rottentomatoes.com/m/toy_story
How to Train Your Dragon,http://www.rottentomatoes.com/m/how_to_train_your_dragon
Shaun the Sheep Movie,http://www.rottentomatoes.com/m/shaun_the_sheep_movie
Dumbo,http://www.rottentomatoes.com/m/dumbo
Ratatouille,http://www.rottentomatoes.com/m/ratatouille
My Life as a Zucchini,http://www.rottentomatoes.com/m/my_life_as_a_zucchini
The Incredibles,http://www.rottentomatoes.com/m/incredibles
Only Yesterday,http://www.rottentomatoes.com/m/only_yesterday_1991
One Hundred and One Dalmatians,http://www.rottentomatoes.com/m/101_dalmatians
Beauty and the Beast,http://www.rottentomatoes.com/m/beauty_and_the_beast_1991
The Nightmare Before Christmas,http://www.rottentomatoes.com/m/nightmare_before_christmas
Anomalisa,http://www.rottentomatoes.com/m/anomalisa
"Monsters, Inc.",http://www.rottentomatoes.com/m/monsters_inc
Grave of the Fireflies,http://www.rottentomatoes.com/m/grave_of_the_fireflies
Fantasia,http://www.rottentomatoes.com/m/fantasia
Your Name,http://www.rottentomatoes.com/m/your_name_2017
Spirited Away,http://www.rottentomatoes.com/m/spirited_away
The Iron Giant,http://www.rottentomatoes.com/m/iron_giant
Song of the Sea,http://www.rottentomatoes.com/m/song_of_the_sea_2014
Tower,http://www.rottentomatoes.com/m/tower_2016
Waltz With Bashir,http://www.rottentomatoes.com/m/waltz_with_bashir
How to Train Your Dragon: The Hidden World,http://www.rottentomatoes.com/m/how_to_train_your_dragon_the_hidden_world
Persepolis,http://www.rottentomatoes.com/m/persepolis
Yellow Submarine,http://www.rottentomatoes.com/m/beatles_the_yellow_submarine
Fantastic Mr. Fox,http://www.rottentomatoes.com/m/1197696-fantastic_mr_fox
Kiki's Delivery Service,http://www.rottentomatoes.com/m/kikis_delivery_service
Ernest & Célestine,http://www.rottentomatoes.com/m/ernest_and_celestine
Aladdin,http://www.rottentomatoes.com/m/disneys_aladdin
The Secret World of Arrietty,http://www.rottentomatoes.com/m/the_secret_world_of_arrietty
Frozen,http://www.rottentomatoes.com/m/frozen_2013
Ralph Breaks the Internet,http://www.rottentomatoes.com/m/ralph_breaks_the_internet
The Red Turtle,http://www.rottentomatoes.com/m/the_red_turtle
Long Way North,http://www.rottentomatoes.com/m/long_way_north
How to Train Your Dragon 2,http://www.rottentomatoes.com/m/how_to_train_your_dragon_2
Coraline,http://www.rottentomatoes.com/m/coraline
Ghost in the Shell,http://www.rottentomatoes.com/m/ghost_in_the_shell
The Breadwinner,http://www.rottentomatoes.com/m/the_breadwinner
I Lost My Body,http://www.rottentomatoes.com/m/i_lost_my_body
A Shaun the Sheep Movie: Farmageddon,http://www.rottentomatoes.com/m/a_shaun_the_sheep_movie_farmageddon
The Little Mermaid,http://www.rottentomatoes.com/m/the_little_mermaid_1989
Lady and the Tramp,http://www.rottentomatoes.com/m/lady_and_the_tramp
The Triplets of Belleville,http://www.rottentomatoes.com/m/the_triplets_of_belleville
Big Hero 6,http://www.rottentomatoes.com/m/big_hero_6
My Neighbor Totoro,http://www.rottentomatoes.com/m/my_neighbor_totoro
Princess Mononoke,http://www.rottentomatoes.com/m/princess_mononoke_1999
Bambi,http://www.rottentomatoes.com/m/bambi
Arthur Christmas,http://www.rottentomatoes.com/m/arthur_christmas
Antz,http://www.rottentomatoes.com/m/antz
The LEGO Movie 2: The Second Part,http://www.rottentomatoes.com/m/the_lego_movie_2_the_second_part
A Bug's Life,http://www.rottentomatoes.com/m/bugs_life
Mary and Max,http://www.rottentomatoes.com/m/1209767-mary_and_max
Ponyo,http://www.rottentomatoes.com/m/ponyo
Klaus,http://www.rottentomatoes.com/m/klaus
Teen Titans GO! to the Movies,http://www.rottentomatoes.com/m/teen_titans_go_to_the_movies
Bolt,http://www.rottentomatoes.com/m/bolt
Tangled,http://www.rottentomatoes.com/m/tangled
Shrek 2,http://www.rottentomatoes.com/m/shrek_2
ParaNorman,http://www.rottentomatoes.com/m/paranorman
Frankenweenie,http://www.rottentomatoes.com/m/frankenweenie_2012
James and the Giant Peach,http://www.rottentomatoes.com/m/james_and_the_giant_peach
Rango,http://www.rottentomatoes.com/m/rango
Shrek,http://www.rottentomatoes.com/m/shrek
Missing Link,http://www.rottentomatoes.com/m/missing_link_2019
The Wind Rises,http://www.rottentomatoes.com/m/the_wind_rises
Winnie the Pooh,http://www.rottentomatoes.com/m/winnie_the_pooh_2011
The Simpsons Movie,http://www.rottentomatoes.com/m/simpsons_movie
Boy and the World,http://www.rottentomatoes.com/m/boy_and_the_world
The Peanuts Movie,http://www.rottentomatoes.com/m/the_peanuts_movie
Millennium Actress,http://www.rottentomatoes.com/m/millennium_actress_2001
When Marnie Was There,http://www.rottentomatoes.com/m/when_marnie_was_there
Kung Fu Panda,http://www.rottentomatoes.com/m/kung_fu_panda
Sleeping Beauty,http://www.rottentomatoes.com/m/1019187-sleeping_beauty
Wreck-It Ralph,http://www.rottentomatoes.com/m/wreck_it_ralph
Kung Fu Panda 3,http://www.rottentomatoes.com/m/kung_fu_panda_3
The Illusionist,http://www.rottentomatoes.com/m/the_illusionist-2009
Parasite,http://www.rottentomatoes.com/m/parasite_2019
The Cabinet of Dr. Caligari,http://www.rottentomatoes.com/m/the_cabinet_of_dr_caligari
Grand Illusion,http://www.rottentomatoes.com/m/la_grande_illusion
Nosferatu,http://www.rottentomatoes.com/m/nosferatu
The Battle of Algiers,http://www.rottentomatoes.com/m/the_battle_of_algiers
Shoplifters,http://www.rottentomatoes.com/m/shoplifters
M,http://www.rottentomatoes.com/m/1012928-m
The 400 Blows,http://www.rottentomatoes.com/m/400_blows
Rashomon,http://www.rottentomatoes.com/m/rashomon
Army in the Shadows,http://www.rottentomatoes.com/m/army_of_shadows
Tokyo Story,http://www.rottentomatoes.com/m/tokyo_story
Potemkin,http://www.rottentomatoes.com/m/battleship_potemkin
The Wages of Fear,http://www.rottentomatoes.com/m/wages_of_fear
Open City,http://www.rottentomatoes.com/m/open_city
The Umbrellas of Cherbourg,http://www.rottentomatoes.com/m/the_umbrellas_of_cherbourg_1964
Nights of Cabiria,http://www.rottentomatoes.com/m/nights_of_cabiria
La dolce vita,http://www.rottentomatoes.com/m/dolce_vita
Let the Right One In,http://www.rottentomatoes.com/m/let_the_right_one_in
Balthazar,http://www.rottentomatoes.com/m/balthazar
The Passion of Joan of Arc,http://www.rottentomatoes.com/m/passion_of_joan_of_arc
The Conformist,http://www.rottentomatoes.com/m/the_conformist
The Discreet Charm of the Bourgeoisie,http://www.rottentomatoes.com/m/discreet_charm_of_the_bourgeoisie
Faces Places,http://www.rottentomatoes.com/m/faces_places
A Separation,http://www.rottentomatoes.com/m/a_separation_2011
Things to Come,http://www.rottentomatoes.com/m/things_to_come_2016
Song of the Road,http://www.rottentomatoes.com/m/pather_panchali
The Salesman,http://www.rottentomatoes.com/m/the_salesman_2017
8 1/2,http://www.rottentomatoes.com/m/8-12
Tampopo,http://www.rottentomatoes.com/m/tampopo
Gloria,http://www.rottentomatoes.com/m/gloria_2012
Ikiru,http://www.rottentomatoes.com/m/ikiru
Eyes Without a Face,http://www.rottentomatoes.com/m/eyes_without_a_face_1962
Amy,http://www.rottentomatoes.com/m/amy_2015
The Leopard,http://www.rottentomatoes.com/m/the_leopard_1963
The Tale of the Princess Kaguya,http://www.rottentomatoes.com/m/the_tale_of_the_princess_kaguya
A Fantastic Woman,http://www.rottentomatoes.com/m/a_fantastic_woman
Children of Paradise,http://www.rottentomatoes.com/m/children_of_paradise
Three Colors: Red,http://www.rottentomatoes.com/m/1058966-red
BPM (Beats Per Minute),http://www.rottentomatoes.com/m/bpm
Sing Street,http://www.rottentomatoes.com/m/sing_street
Burning,http://www.rottentomatoes.com/m/burning_2018
Playtime,http://www.rottentomatoes.com/m/playtime
The Blue Angel,http://www.rottentomatoes.com/m/1002681-blue_angel
God's Own Country,http://www.rottentomatoes.com/m/gods_own_country_2017
The Red Circle,http://www.rottentomatoes.com/m/le_cercle_rouge
Loveless,http://www.rottentomatoes.com/m/loveless_2018
The Rules of the Game,http://www.rottentomatoes.com/m/the_rules_of_the_game
Gett: The Trial of Viviane Amsalem,http://www.rottentomatoes.com/m/gett_the_trial_of_viviane_amsalem
Wings of Desire,http://www.rottentomatoes.com/m/wings_of_desire
The Road,http://www.rottentomatoes.com/m/the_road_1954
Toni Erdmann,http://www.rottentomatoes.com/m/toni_erdmann
The Young Girls of Rochefort,http://www.rottentomatoes.com/m/the_young_girls_of_rochefort
Timbuktu,http://www.rottentomatoes.com/m/timbuktu_2015
Jiro Dreams of Sushi,http://www.rottentomatoes.com/m/jiro_dreams_of_sushi
Border,http://www.rottentomatoes.com/m/border_2018
Still Walking,http://www.rottentomatoes.com/m/1216014-still_walking
All About My Mother,http://www.rottentomatoes.com/m/all_about_my_mother
The Band's Visit,http://www.rottentomatoes.com/m/the_bands_visit
The Seventh Seal,http://www.rottentomatoes.com/m/seventh_seal
Waste Land,http://www.rottentomatoes.com/m/waste-land
The Taste of Others,http://www.rottentomatoes.com/m/the_taste_of_others
Godzilla,http://www.rottentomatoes.com/m/godzilla_1956
Amour,http://www.rottentomatoes.com/m/amour_2013
Embrace of the Serpent,http://www.rottentomatoes.com/m/embrace_of_the_serpent
After the Storm,http://www.rottentomatoes.com/m/after_the_storm_2017
The Vanishing,http://www.rottentomatoes.com/m/the_vanishing
Afghan Star,http://www.rottentomatoes.com/m/afghan_star
Transit,http://www.rottentomatoes.com/m/transit_2018
Project Nim,http://www.rottentomatoes.com/m/project_nim
Blue,http://www.rottentomatoes.com/m/three_colors_blue
Elevator to the Gallows,http://www.rottentomatoes.com/m/elevator_to_the_gallows
Monsieur Lazhar,http://www.rottentomatoes.com/m/monsieur_lazhar_2011
Darbareye Elly,http://www.rottentomatoes.com/m/about_elly
Fireworks Wednesday,http://www.rottentomatoes.com/m/fireworks_wednesday
The Class,http://www.rottentomatoes.com/m/the_class
Last Train Home,http://www.rottentomatoes.com/m/last_train_home-2009
Maria Full of Grace,http://www.rottentomatoes.com/m/maria_full_of_grace
The Look of Silence,http://www.rottentomatoes.com/m/the_look_of_silence
My Left Foot,http://www.rottentomatoes.com/m/my_left_foot
Nostalgia for the Light,http://www.rottentomatoes.com/m/nostalgia_for_the_light
Throne of Blood,http://www.rottentomatoes.com/m/throne_of_blood
A Prophet,http://www.rottentomatoes.com/m/1213205-prophet
Mafioso,http://www.rottentomatoes.com/m/mafioso_1964
Solaris,http://www.rottentomatoes.com/m/solaris_1976
The Kid with a Bike,http://www.rottentomatoes.com/m/the_kid_with_a_bike
My Beautiful Laundrette,http://www.rottentomatoes.com/m/my_beautiful_laundrette
Moolaadé,http://www.rottentomatoes.com/m/moolaade
It Happened One Night,http://www.rottentomatoes.com/m/it_happened_one_night
Citizen Kane,http://www.rottentomatoes.com/m/citizen_kane
Casablanca,http://www.rottentomatoes.com/m/1003707-casablanca
The Wizard of Oz,http://www.rottentomatoes.com/m/the_wizard_of_oz_1939
All About Eve,http://www.rottentomatoes.com/m/1000626-all_about_eve
Rebecca,http://www.rottentomatoes.com/m/1017293-rebecca
Modern Times,http://www.rottentomatoes.com/m/modern_times
A Night at the Opera,http://www.rottentomatoes.com/m/1015002-night_at_the_opera
The Third Man,http://www.rottentomatoes.com/m/the_third_man
Singin' in the Rain,http://www.rottentomatoes.com/m/singin_in_the_rain
All Quiet on the Western Front,http://www.rottentomatoes.com/m/1000642-all_quiet_on_the_western_front
On the Waterfront,http://www.rottentomatoes.com/m/on_the_waterfront
The Kid,http://www.rottentomatoes.com/m/1052609-kid
Psycho,http://www.rottentomatoes.com/m/psycho
Laura,http://www.rottentomatoes.com/m/1012007-laura
Shadow of a Doubt,http://www.rottentomatoes.com/m/1018688-shadow_of_a_doubt
Sunset Blvd.,http://www.rottentomatoes.com/m/sunset_boulevard
A Hard Day's Night,http://www.rottentomatoes.com/m/beatles_a_hard_days_night
Top Hat,http://www.rottentomatoes.com/m/top_hat
North by Northwest,http://www.rottentomatoes.com/m/north-by-northwest
The Philadelphia Story,http://www.rottentomatoes.com/m/philadelphia_story
12 Angry Men,http://www.rottentomatoes.com/m/1000013_12_angry_men
Bride of Frankenstein,http://www.rottentomatoes.com/m/bride_of_frankenstein
Chinatown,http://www.rottentomatoes.com/m/chinatown
A Streetcar Named Desire,http://www.rottentomatoes.com/m/1020333-streetcar_named_desire
The Lady Eve,http://www.rottentomatoes.com/m/lady_eve
The Lady Vanishes,http://www.rottentomatoes.com/m/1011813-lady_vanishes
Dr. Strangelove Or: How I Learned to Stop Worrying and Love the Bomb,http://www.rottentomatoes.com/m/dr_strangelove
An American in Paris,http://www.rottentomatoes.com/m/american_in_paris
The Thin Man,http://www.rottentomatoes.com/m/thin_man
Kind Hearts and Coronets,http://www.rottentomatoes.com/m/kind_hearts_and_coronets
Touch of Evil,http://www.rottentomatoes.com/m/1021749-touch_of_evil
His Girl Friday,http://www.rottentomatoes.com/m/his_girl_friday
Frankenstein,http://www.rottentomatoes.com/m/1007818-frankenstein
It's a Wonderful Life,http://www.rottentomatoes.com/m/its_a_wonderful_life
Vertigo,http://www.rottentomatoes.com/m/vertigo
The Grapes of Wrath,http://www.rottentomatoes.com/m/grapes_of_wrath
The Gold Rush,http://www.rottentomatoes.com/m/the_gold_rush
The Last Picture Show,http://www.rottentomatoes.com/m/last_picture_show
The Big Sleep,http://www.rottentomatoes.com/m/1002352-big_sleep
Scarface,http://www.rottentomatoes.com/m/1018323-scarface
Rear Window,http://www.rottentomatoes.com/m/1017289-rear_window
The Red Shoes,http://www.rottentomatoes.com/m/1017346-red_shoes
Cool Hand Luke,http://www.rottentomatoes.com/m/cool_hand_luke
Invasion of the Body Snatchers,http://www.rottentomatoes.com/m/1010678-invasion_of_the_body_snatchers
City Lights,http://www.rottentomatoes.com/m/city_lights
Anatomy of a Murder,http://www.rottentomatoes.com/m/anatomy-of-a-murder
The Best Years of Our Lives,http://www.rottentomatoes.com/m/best_years_of_our_lives
Roman Holiday,http://www.rottentomatoes.com/m/roman_holiday
Gone With the Wind,http://www.rottentomatoes.com/m/gone_with_the_wind
Sweet Smell of Success,http://www.rottentomatoes.com/m/sweet_smell_of_success
Freaks,http://www.rottentomatoes.com/m/freaks
In a Lonely Place,http://www.rottentomatoes.com/m/in_a_lonely_place
2001: A Space Odyssey,http://www.rottentomatoes.com/m/2001_a_space_odyssey
Night of the Living Dead,http://www.rottentomatoes.com/m/night_of_the_living_dead
Notorious,http://www.rottentomatoes.com/m/1015287-notorious
The Lost Weekend,http://www.rottentomatoes.com/m/lost_weekend
Miracle on 34th Street,http://www.rottentomatoes.com/m/miracle_on_34th_street
The Day the Earth Stood Still,http://www.rottentomatoes.com/m/1005371-day_the_earth_stood_still
Gentlemen Prefer Blondes,http://www.rottentomatoes.com/m/gentlemen_prefer_blondes
Detour,http://www.rottentomatoes.com/m/detour
Rosemary's Baby,http://www.rottentomatoes.com/m/rosemarys_baby
Repulsion,http://www.rottentomatoes.com/m/repulsion
The Invisible Man,http://www.rottentomatoes.com/m/1010695-invisible_man
Kiss Me Deadly,http://www.rottentomatoes.com/m/kiss_me_deadly
Stormy Weather,http://www.rottentomatoes.com/m/stormy_weather
The Manchurian Candidate,http://www.rottentomatoes.com/m/1013227-manchurian_candidate
Marty,http://www.rottentomatoes.com/m/1013427-marty
One Flew Over the Cuckoo's Nest,http://www.rottentomatoes.com/m/one_flew_over_the_cuckoos_nest
Mary Poppins,http://www.rottentomatoes.com/m/mary_poppins
Some Like It Hot,http://www.rottentomatoes.com/m/some_like_it_hot
Lady Bird,http://www.rottentomatoes.com/m/lady_bird
BlacKkKlansman,http://www.rottentomatoes.com/m/blackkklansman
Eighth Grade,http://www.rottentomatoes.com/m/eighth_grade
Booksmart,http://www.rottentomatoes.com/m/booksmart
The Farewell,http://www.rottentomatoes.com/m/the_farewell_2019
The Big Sick,http://www.rottentomatoes.com/m/the_big_sick
Once Upon a Time... In Hollywood,http://www.rottentomatoes.com/m/once_upon_a_time_in_hollywood
La La Land,http://www.rottentomatoes.com/m/la_la_land
"Three Billboards Outside Ebbing, Missouri",http://www.rottentomatoes.com/m/three_billboards_outside_ebbing_missouri
Crazy Rich Asians,http://www.rottentomatoes.com/m/crazy_rich_asians
Paterson,http://www.rottentomatoes.com/m/paterson
Sorry to Bother You,http://www.rottentomatoes.com/m/sorry_to_bother_you_2018
The Disaster Artist,http://www.rottentomatoes.com/m/the_disaster_artist
Birdman or (The Unexpected Virtue of Ignorance),http://www.rottentomatoes.com/m/birdman_2014
Monty Python and the Holy Grail,http://www.rottentomatoes.com/m/monty_python_and_the_holy_grail
The Artist,http://www.rottentomatoes.com/m/the_artist
The Death of Stalin,http://www.rottentomatoes.com/m/the_death_of_stalin
Spy,http://www.rottentomatoes.com/m/spy_2015
Palm Springs,http://www.rottentomatoes.com/m/palm_springs_2020
The Grand Budapest Hotel,http://www.rottentomatoes.com/m/the_grand_budapest_hotel
Annie Hall,http://www.rottentomatoes.com/m/annie_hall
Love & Friendship,http://www.rottentomatoes.com/m/love_and_friendship
Logan Lucky,http://www.rottentomatoes.com/m/logan_lucky
Sideways,http://www.rottentomatoes.com/m/sideways
The Nice Guys,http://www.rottentomatoes.com/m/the_nice_guys
Fighting With My Family,http://www.rottentomatoes.com/m/fighting_with_my_family
Moonrise Kingdom,http://www.rottentomatoes.com/m/moonrise_kingdom
Airplane!,http://www.rottentomatoes.com/m/airplane
The Forty-Year-Old Version,http://www.rottentomatoes.com/m/the_forty_year_old_version
What We Do in the Shadows,http://www.rottentomatoes.com/m/what_we_do_in_the_shadows
Paddington,http://www.rottentomatoes.com/m/paddington_2014
Don't Think Twice,http://www.rottentomatoes.com/m/dont_think_twice
Saint Frances,http://www.rottentomatoes.com/m/saint_frances
Bringing Up Baby,http://www.rottentomatoes.com/m/bringing_up_baby
Blow the Man Down,http://www.rottentomatoes.com/m/blow_the_man_down
To Be or Not to Be,http://www.rottentomatoes.com/m/to_be_or_not_to_be
Groundhog Day,http://www.rottentomatoes.com/m/groundhog_day
The Player,http://www.rottentomatoes.com/m/player
You Can't Take It With You,http://www.rottentomatoes.com/m/you_cant_take_it_with_you_1938
The Truman Show,http://www.rottentomatoes.com/m/truman_show
Big,http://www.rottentomatoes.com/m/big
Enough Said,http://www.rottentomatoes.com/m/enough_said_2013
The Apartment,http://www.rottentomatoes.com/m/1001115-apartment
Bull Durham,http://www.rottentomatoes.com/m/bull_durham
The Edge of Seventeen,http://www.rottentomatoes.com/m/the_edge_of_seventeen
The Muppets,http://www.rottentomatoes.com/m/the_muppets
Broadcast News,http://www.rottentomatoes.com/m/broadcast_news
Silver Linings Playbook,http://www.rottentomatoes.com/m/silver_linings_playbook
Lost in Translation,http://www.rottentomatoes.com/m/lost_in_translation
Mr. Smith Goes to Washington,http://www.rottentomatoes.com/m/mr_smith_goes_to_washington
Won't You Be My Neighbor?,http://www.rottentomatoes.com/m/wont_you_be_my_neighbor
I Am Not Your Negro,http://www.rottentomatoes.com/m/i_am_not_your_negro
Apollo 11,http://www.rottentomatoes.com/m/apollo_11_2019
Life Itself,http://www.rottentomatoes.com/m/life_itself
Man on Wire,http://www.rottentomatoes.com/m/man_on_wire
Amazing Grace,http://www.rottentomatoes.com/m/amazing_grace_2018
Minding the Gap,http://www.rottentomatoes.com/m/minding_the_gap
Three Identical Strangers,http://www.rottentomatoes.com/m/three_identical_strangers
McQueen,http://www.rottentomatoes.com/m/mcqueen
Crip Camp,http://www.rottentomatoes.com/m/crip_camp_a_disability_revolution
20 Feet From Stardom,http://www.rottentomatoes.com/m/20_feet_from_stardom
Weiner,http://www.rottentomatoes.com/m/weiner
Collective,http://www.rottentomatoes.com/m/collective_2020
Dick Johnson Is Dead,http://www.rottentomatoes.com/m/dick_johnson_is_dead
Free Solo,http://www.rottentomatoes.com/m/free_solo
The Last Waltz,http://www.rottentomatoes.com/m/the_last_waltz_1978
Kedi,http://www.rottentomatoes.com/m/kedi_2017
Totally Under Control,http://www.rottentomatoes.com/m/totally_under_control
Stop Making Sense,http://www.rottentomatoes.com/m/stop_making_sense
Knock Down the House,http://www.rottentomatoes.com/m/knock_down_the_house
Blackfish,http://www.rottentomatoes.com/m/blackfish_2013
Taxi to the Dark Side,http://www.rottentomatoes.com/m/taxi_to_the_dark_side
Time,http://www.rottentomatoes.com/m/time_2020
Maiden,http://www.rottentomatoes.com/m/maiden
Murderball,http://www.rottentomatoes.com/m/murderball
Jodorowsky's Dune,http://www.rottentomatoes.com/m/jodorowskys_dune
Welcome to Chechnya,http://www.rottentomatoes.com/m/welcome_to_chechnya
Shirkers,http://www.rottentomatoes.com/m/shirkers
Anvil! The Story of Anvil,http://www.rottentomatoes.com/m/anvil_the_story_of_anvil
Inside Job,http://www.rottentomatoes.com/m/inside_job_2010
All In: The Fight for Democracy,http://www.rottentomatoes.com/m/all_in_the_fight_for_democracy
The Square,http://www.rottentomatoes.com/m/the_square_2013
Seymour: An Introduction,http://www.rottentomatoes.com/m/seymour_an_introduction
The Missing Picture,http://www.rottentomatoes.com/m/the_missing_picture
Mucho Mucho Amor: The Legend of Walter Mercado,http://www.rottentomatoes.com/m/mucho_mucho_amor
Deliver Us From Evil,http://www.rottentomatoes.com/m/deliver_us_from_evil
Paris Is Burning,http://www.rottentomatoes.com/m/paris_is_burning
Athlete A,http://www.rottentomatoes.com/m/athlete_a
One Child Nation,http://www.rottentomatoes.com/m/one_child_nation
Bright Lights: Starring Carrie Fisher and Debbie Reynolds,http://www.rottentomatoes.com/m/bright_lights_starring_carrie_fisher_and_debbie_reynolds
Hoop Dreams,http://www.rottentomatoes.com/m/hoop_dreams
Citizenfour,http://www.rottentomatoes.com/m/citizenfour
On the Record,http://www.rottentomatoes.com/m/on_the_record
The Interrupters,http://www.rottentomatoes.com/m/the_interrupters_2011
Slay the Dragon,http://www.rottentomatoes.com/m/slay_the_dragon
Strong Island,http://www.rottentomatoes.com/m/strong_island
Iris,http://www.rottentomatoes.com/m/iris_2015
Capturing the Friedmans,http://www.rottentomatoes.com/m/capturing_the_friedmans
The Fight,http://www.rottentomatoes.com/m/the_fight_2020
"Mr. Death: The Rise and Fall of Fred A. Leuchter, Jr.",http://www.rottentomatoes.com/m/mr_death_the_rise_and_fall_of_fred_a_leuchter_jr
Rewind,http://www.rottentomatoes.com/m/rewind_2020
Nothing Like a Dame,http://www.rottentomatoes.com/m/tea_with_the_dames
A Secret Love,http://www.rottentomatoes.com/m/a_secret_love
The Invisible War,http://www.rottentomatoes.com/m/the_invisible_war
Sound City,http://www.rottentomatoes.com/m/sound_city
56 Up,http://www.rottentomatoes.com/m/56_up
Elaine Stritch: Shoot Me,http://www.rottentomatoes.com/m/elaine_stritch_shoot_me_2013
My Journey Through French Cinema,http://www.rottentomatoes.com/m/my_journey_through_french_cinema
The Act of Killing,http://www.rottentomatoes.com/m/the_act_of_killing
More Than Honey,http://www.rottentomatoes.com/m/more_than_honey
Everyday Sunshine: The Story of Fishbone,http://www.rottentomatoes.com/m/everyday_sunshine_the_story_of_fishbone_2011
Bill Cunningham New York,http://www.rottentomatoes.com/m/bill_cunningham_new_york_2010
Spellbound,http://www.rottentomatoes.com/m/1122382-spellbound
We Were Here,http://www.rottentomatoes.com/m/we_were_here_voices_from_the_aids_years_in_san_francisco
Enron: The Smartest Guys in the Room,http://www.rottentomatoes.com/m/enron_the_smartest_guys_in_the_room
Sholem Aleichem: Laughing in the Darkness,http://www.rottentomatoes.com/m/sholem_aleichem_laughing_in_the_darkness_2011
Ai Weiwei: Never Sorry,http://www.rottentomatoes.com/m/ai_weiwei_never_sorry_2012
13TH,http://www.rottentomatoes.com/m/13th
Rivers and Tides: Andy Goldsworthy With Time,http://www.rottentomatoes.com/m/rivers_and_tides_andy_goldsworthy_working_with_time
How to Survive a Plague,http://www.rottentomatoes.com/m/how_to_survive_a_plague
This Is Not a Film,http://www.rottentomatoes.com/m/this_is_not_a_film_2011
When We Were Kings,http://www.rottentomatoes.com/m/when_we_were_kings
RBG,http://www.rottentomatoes.com/m/rbg
The Painter and the Thief,http://www.rottentomatoes.com/m/the_painter_and_the_thief
March of the Penguins,http://www.rottentomatoes.com/m/march_of_the_penguins
Hitchcock/Truffaut,http://www.rottentomatoes.com/m/hitchcocktruffaut
Kurt Cobain: Montage of Heck,http://www.rottentomatoes.com/m/kurt_cobain_montage_of_heck_2015
Cave of Forgotten Dreams,http://www.rottentomatoes.com/m/cave_of_forgotten_dreams
The King of Kong: A Fistful of Quarters,http://www.rottentomatoes.com/m/king_of_kong
Bowling for Columbine,http://www.rottentomatoes.com/m/bowling_for_columbine
The Fog of War,http://www.rottentomatoes.com/m/the_fog_of_war_eleven_lessons_from_the_life_of_robert_s_mcnamara
Muscle Shoals,http://www.rottentomatoes.com/m/muscle_shoals_2013
Circus of Books,http://www.rottentomatoes.com/m/circus_of_books
Boys State,http://www.rottentomatoes.com/m/boys_state
Homecoming: A Film by Beyoncé,http://www.rottentomatoes.com/m/homecoming_a_film_by_beyonce
The War Tapes,http://www.rottentomatoes.com/m/war_tapes
Searching for Sugar Man,http://www.rottentomatoes.com/m/searching_for_sugar_man
Jafar Panahi's Taxi,http://www.rottentomatoes.com/m/jafar_panahis_taxi
Disclosure,http://www.rottentomatoes.com/m/disclosure_2020_2
Knives Out,http://www.rottentomatoes.com/m/knives_out
The Irishman,http://www.rottentomatoes.com/m/the_irishman
The Godfather,http://www.rottentomatoes.com/m/godfather
Moonlight,http://www.rottentomatoes.com/m/moonlight_2016
A Star Is Born,http://www.rottentomatoes.com/m/a_star_is_born_2018
A Quiet Place,http://www.rottentomatoes.com/m/a_quiet_place_2018
Roma,http://www.rottentomatoes.com/m/roma_2018
Portrait of a Lady on Fire,http://www.rottentomatoes.com/m/portrait_of_a_lady_on_fire
Selma,http://www.rottentomatoes.com/m/selma
Spotlight,http://www.rottentomatoes.com/m/spotlight_2015
The Shape of Water,http://www.rottentomatoes.com/m/the_shape_of_water_2017
Arrival,http://www.rottentomatoes.com/m/arrival_2016
The Favourite,http://www.rottentomatoes.com/m/the_favourite_2018
Double Indemnity,http://www.rottentomatoes.com/m/double_indemnity
Marriage Story,http://www.rottentomatoes.com/m/marriage_story_2019
Boyhood,http://www.rottentomatoes.com/m/boyhood
12 Years a Slave,http://www.rottentomatoes.com/m/12_years_a_slave
Argo,http://www.rottentomatoes.com/m/argo_2012
Manchester by the Sea,http://www.rottentomatoes.com/m/manchester_by_the_sea
Leave No Trace,http://www.rottentomatoes.com/m/leave_no_trace
Alien,http://www.rottentomatoes.com/m/alien
Call Me by Your Name,http://www.rottentomatoes.com/m/call_me_by_your_name
1917,http://www.rottentomatoes.com/m/1917_2019
Gravity,http://www.rottentomatoes.com/m/gravity_2013
The Maltese Falcon,http://www.rottentomatoes.com/m/1013139-maltese_falcon
The Florida Project,http://www.rottentomatoes.com/m/the_florida_project
Widows,http://www.rottentomatoes.com/m/widows_2018
"The Godfather, Part II",http://www.rottentomatoes.com/m/godfather_part_ii
Never Rarely Sometimes Always,http://www.rottentomatoes.com/m/never_rarely_sometimes_always
Pain and Glory,http://www.rottentomatoes.com/m/pain_and_glory
Hell or High Water,http://www.rottentomatoes.com/m/hell_or_high_water
Bicycle Thieves,http://www.rottentomatoes.com/m/bicycle_thieves
Brooklyn,http://www.rottentomatoes.com/m/brooklyn
The Babadook,http://www.rottentomatoes.com/m/the_babadook
Creed,http://www.rottentomatoes.com/m/creed_2015
The Wrestler,http://www.rottentomatoes.com/m/the_wrestler
Dolemite Is My Name,http://www.rottentomatoes.com/m/dolemite_is_my_name
First Man,http://www.rottentomatoes.com/m/first_man
The Lighthouse,http://www.rottentomatoes.com/m/the_lighthouse_2019
"I, Tonya",http://www.rottentomatoes.com/m/i_tonya
Hidden Figures,http://www.rottentomatoes.com/m/hidden_figures
Taxi Driver,http://www.rottentomatoes.com/m/taxi_driver
The Social Network,http://www.rottentomatoes.com/m/the-social-network
The Hate U Give,http://www.rottentomatoes.com/m/the_hate_u_give
L.A. Confidential,http://www.rottentomatoes.com/m/la_confidential
Phantom Thread,http://www.rottentomatoes.com/m/phantom_thread
Us,http://www.rottentomatoes.com/m/us_2019
Get Out,http://www.rottentomatoes.com/m/get_out
Hereditary,http://www.rottentomatoes.com/m/hereditary
It Follows,http://www.rottentomatoes.com/m/it_follows
The Silence of the Lambs,http://www.rottentomatoes.com/m/silence_of_the_lambs
Halloween,http://www.rottentomatoes.com/m/1009113-halloween
Pan's Labyrinth,http://www.rottentomatoes.com/m/pans_labyrinth
Host,http://www.rottentomatoes.com/m/host_2020
The Witch,http://www.rottentomatoes.com/m/the_witch_2016
The Cabin in the Woods,http://www.rottentomatoes.com/m/the_cabin_in_the_woods
Don't Look Now,http://www.rottentomatoes.com/m/dont_look_now
It,http://www.rottentomatoes.com/m/it_2017
Possessor: Uncut,http://www.rottentomatoes.com/m/possessor_uncut
Relic,http://www.rottentomatoes.com/m/relic
The Birds,http://www.rottentomatoes.com/m/1002448-birds
Young Frankenstein,http://www.rottentomatoes.com/m/young_frankenstein
Ready or Not,http://www.rottentomatoes.com/m/ready_or_not_2019
La llorona,http://www.rottentomatoes.com/m/la_llorona_2019
Drag Me to Hell,http://www.rottentomatoes.com/m/drag_me_to_hell
A Girl Walks Home Alone at Night,http://www.rottentomatoes.com/m/a_girl_walks_home_alone_at_night
House of Wax,http://www.rottentomatoes.com/m/1010030-house_of_wax
The Fly,http://www.rottentomatoes.com/m/1007600-fly
Dracula,http://www.rottentomatoes.com/m/1006234-dracula
Midsommar,http://www.rottentomatoes.com/m/midsommar
Carrie,http://www.rottentomatoes.com/m/1003625-carrie
Spontaneous,http://www.rottentomatoes.com/m/spontaneous
The Evil Dead,http://www.rottentomatoes.com/m/the-evil-dead
Evil Dead 2,http://www.rottentomatoes.com/m/evil_dead_2_dead_by_dawn
The Innocents,http://www.rottentomatoes.com/m/1099622-innocents
The Loved Ones,http://www.rottentomatoes.com/m/the_loved_ones_2012
Dead of Night,http://www.rottentomatoes.com/m/1005405-dead_of_night
Harpoon,http://www.rottentomatoes.com/m/harpoon_2019
The Love Witch,http://www.rottentomatoes.com/m/the_love_witch
Room 237,http://www.rottentomatoes.com/m/room_237_2012
Suspiria,http://www.rottentomatoes.com/m/1020662-suspiria
Werckmeister Harmonies,http://www.rottentomatoes.com/m/werckmeister_harmonies
Shaun of the Dead,http://www.rottentomatoes.com/m/shaun_of_the_dead
Train to Busan,http://www.rottentomatoes.com/m/train_to_busan
A Nightmare on Elm Street,http://www.rottentomatoes.com/m/nightmare_on_elm_street
The Host,http://www.rottentomatoes.com/m/the_host_2007
Dawn of the Dead,http://www.rottentomatoes.com/m/1005339-dawn_of_the_dead
It Comes at Night,http://www.rottentomatoes.com/m/it_comes_at_night
Zombieland,http://www.rottentomatoes.com/m/zombieland
In Fabric,http://www.rottentomatoes.com/m/in_fabric
Re-Animator,http://www.rottentomatoes.com/m/reanimator
Don't Breathe,http://www.rottentomatoes.com/m/dont_breathe_2016
The Endless,http://www.rottentomatoes.com/m/the_endless
What Ever Happened to Baby Jane?,http://www.rottentomatoes.com/m/what_ever_happened_to_baby_jane
The Mortuary Collection,http://www.rottentomatoes.com/m/the_mortuary_collection
Cam,http://www.rottentomatoes.com/m/cam
The Phantom of the Opera,http://www.rottentomatoes.com/m/phantom_of_the_opera_1925
The Wolf Man,http://www.rottentomatoes.com/m/wolf_man
Upgrade,http://www.rottentomatoes.com/m/upgrade_2018
Eraserhead,http://www.rottentomatoes.com/m/eraserhead
We Are Still Here,http://www.rottentomatoes.com/m/we_are_still_here
The Dark and the Wicked,http://www.rottentomatoes.com/m/the_dark_and_the_wicked
The Texas Chain Saw Massacre,http://www.rottentomatoes.com/m/1021112-texas_chainsaw_massacre
The Witches,http://www.rottentomatoes.com/m/the_witches
Arachnophobia,http://www.rottentomatoes.com/m/arachnophobia
Horror of Dracula,http://www.rottentomatoes.com/m/horror_of_dracula
Dr. Jekyll and Mr. Hyde,http://www.rottentomatoes.com/m/1006207-dr_jekyll_and_mr_hyde
The Mummy,http://www.rottentomatoes.com/m/1014370-mummy
Let Me In,http://www.rottentomatoes.com/m/let_me_in
Island of Lost Souls,http://www.rottentomatoes.com/m/island_of_lost_souls_1933
Frenzy,http://www.rottentomatoes.com/m/frenzy
Color Out of Space,http://www.rottentomatoes.com/m/color_out_of_space
The Conjuring,http://www.rottentomatoes.com/m/the_conjuring
Misery,http://www.rottentomatoes.com/m/misery
The Wicker Man,http://www.rottentomatoes.com/m/the_wicker_man_1973
Little Shop of Horrors,http://www.rottentomatoes.com/m/1012515-little_shop_of_horrors
Cronos,http://www.rottentomatoes.com/m/cronos
Bone Tomahawk,http://www.rottentomatoes.com/m/bone_tomahawk
The Return of the Living Dead,http://www.rottentomatoes.com/m/return_of_the_living_dead
28 Days Later,http://www.rottentomatoes.com/m/28_days_later
Hush,http://www.rottentomatoes.com/m/hush_2016
E.T. the Extra-Terrestrial,http://www.rottentomatoes.com/m/et_the_extraterrestrial
Babe,http://www.rottentomatoes.com/m/1065598-babe
My Fair Lady,http://www.rottentomatoes.com/m/my_fair_lady
Hugo,http://www.rottentomatoes.com/m/hugo
Enchanted,http://www.rottentomatoes.com/m/enchanted
The Straight Story,http://www.rottentomatoes.com/m/straight_story
Harry Potter and the Prisoner of Azkaban,http://www.rottentomatoes.com/m/harry_potter_and_the_prisoner_of_azkaban
Pete's Dragon,http://www.rottentomatoes.com/m/petes_dragon_2016
The Secret of Roan Inish,http://www.rottentomatoes.com/m/the-secret-of-roan-inish
A Monster Calls,http://www.rottentomatoes.com/m/a_monster_calls
Spy Kids,http://www.rottentomatoes.com/m/spy_kids
Summer Hours,http://www.rottentomatoes.com/m/summer_hours
Harry Potter and the Goblet of Fire,http://www.rottentomatoes.com/m/harry_potter_and_the_goblet_of_fire
The Kid Who Would Be King,http://www.rottentomatoes.com/m/the_kid_who_would_be_king
How Green Was My Valley,http://www.rottentomatoes.com/m/how_green_was_my_valley
That Thing You Do!,http://www.rottentomatoes.com/m/that_thing_you_do
First Position,http://www.rottentomatoes.com/m/first_position_2011
Willy Wonka and the Chocolate Factory,http://www.rottentomatoes.com/m/willy_wonka_and_the_chocolate_factory
Lassie,http://www.rottentomatoes.com/m/lassie
Duma,http://www.rottentomatoes.com/m/duma
Jason and the Argonauts,http://www.rottentomatoes.com/m/1010939-jason_and_the_argonauts
A Christmas Story,http://www.rottentomatoes.com/m/1004151-christmas_story
Hamilton,http://www.rottentomatoes.com/m/hamilton_2020
David Byrne's American Utopia,http://www.rottentomatoes.com/m/david_byrnes_american_utopia
Once,http://www.rottentomatoes.com/m/once
Amadeus,http://www.rottentomatoes.com/m/amadeus
We Are the Best!,http://www.rottentomatoes.com/m/we_are_the_best
Hairspray,http://www.rottentomatoes.com/m/1009096-hairspray
West Side Story,http://www.rottentomatoes.com/m/west_side_story
What's Love Got to Do With It,http://www.rottentomatoes.com/m/whats_love_got_to_do_with_it
Beware of Mr. Baker,http://www.rottentomatoes.com/m/beware_of_mr_baker
Exit Through the Gift Shop,http://www.rottentomatoes.com/m/exit_through_the_gift_shop
Keep on Keepin' On,http://www.rottentomatoes.com/m/keep_on_keepin_on
Marley,http://www.rottentomatoes.com/m/marley
"You, the Living",http://www.rottentomatoes.com/m/du_levande
The Full Monty,http://www.rottentomatoes.com/m/full_monty
49 Up,http://www.rottentomatoes.com/m/49_up
Straight Outta Compton,http://www.rottentomatoes.com/m/straight_outta_compton
Cabaret,http://www.rottentomatoes.com/m/cabaret
The Beaches of Agnès,http://www.rottentomatoes.com/m/les-plages-dagnes
Johnny Guitar,http://www.rottentomatoes.com/m/johnny_guitar
"20,000 Days on Earth",http://www.rottentomatoes.com/m/20000_days_on_earth
Wordplay,http://www.rottentomatoes.com/m/wordplay
Pina,http://www.rottentomatoes.com/m/pina_3d
Festival Express,http://www.rottentomatoes.com/m/festival_express
Born Into Brothels,http://www.rottentomatoes.com/m/born_into_brothels
Funny Girl,http://www.rottentomatoes.com/m/funny_girl
Crumb,http://www.rottentomatoes.com/m/crumb
Love & Mercy,http://www.rottentomatoes.com/m/love_and_mercy
The Wrecking Crew,http://www.rottentomatoes.com/m/1200743-wrecking_crew
Marina Abramovic: The Artist Is Present,http://www.rottentomatoes.com/m/marina_abramovic_the_artist_is_present_2012
Black Is King,http://www.rottentomatoes.com/m/black_is_king
Crazy Heart,http://www.rottentomatoes.com/m/crazy_heart
Los Angeles Plays Itself,http://www.rottentomatoes.com/m/los_angeles_plays_itself
Lost in La Mancha,http://www.rottentomatoes.com/m/lost_in_la_mancha
Lagaan: Once Upon a Time in India,http://www.rottentomatoes.com/m/lagaan_once_upon_a_time_in_india
My Kid Could Paint That,http://www.rottentomatoes.com/m/my_kid_could_paint_that
End of the Century,http://www.rottentomatoes.com/m/end_of_the_century_the_story_of_the_ramones
Dave Chappelle's Block Party,http://www.rottentomatoes.com/m/block_party
The Sapphires,http://www.rottentomatoes.com/m/the_sapphires_2012
Florence Foster Jenkins,http://www.rottentomatoes.com/m/florence_foster_jenkins_2016
Sing Your Song,http://www.rottentomatoes.com/m/sing_your_song
The Filth and the Fury,http://www.rottentomatoes.com/m/filth_and_the_fury
Hedwig and the Angry Inch,http://www.rottentomatoes.com/m/hedwig_and_the_angry_inch
Judy,http://www.rottentomatoes.com/m/judy_2019
A Band Called Death,http://www.rottentomatoes.com/m/a_band_called_death_2013
My Architect,http://www.rottentomatoes.com/m/my_architect
Every Little Step,http://www.rottentomatoes.com/m/every_little_step
Black Orpheus,http://www.rottentomatoes.com/m/black_orpheus
U2 3D,http://www.rottentomatoes.com/m/u2_3d
Five Easy Pieces,http://www.rottentomatoes.com/m/five_easy_pieces
Sid & Nancy,http://www.rottentomatoes.com/m/sid_and_nancy
La Bamba,http://www.rottentomatoes.com/m/la_bamba
Sweeney Todd: The Demon Barber of Fleet Street,http://www.rottentomatoes.com/m/sweeney_todd_the_demon_barber_of_fleet_street_2007
Chicago,http://www.rottentomatoes.com/m/chicago
Scratch,http://www.rottentomatoes.com/m/scratch_2002
In Search of Beethoven,http://www.rottentomatoes.com/m/in_search_of_beethoven
High Noon,http://www.rottentomatoes.com/m/1046060-high_noon
Nightcrawler,http://www.rottentomatoes.com/m/nightcrawler
Strangers on a Train,http://www.rottentomatoes.com/m/strangers_on_a_train
The Post,http://www.rottentomatoes.com/m/the_post
The Night of the Hunter,http://www.rottentomatoes.com/m/night_of_the_hunter
His House,http://www.rottentomatoes.com/m/his_house
Eye in the Sky,http://www.rottentomatoes.com/m/eye_in_the_sky
The Killing,http://www.rottentomatoes.com/m/killing
The Trial of the Chicago 7,http://www.rottentomatoes.com/m/the_trial_of_the_chicago_7
Ex Machina,http://www.rottentomatoes.com/m/ex_machina
Searching,http://www.rottentomatoes.com/m/searching_2018
Sunrise,http://www.rottentomatoes.com/m/sunrise
Blood Simple,http://www.rottentomatoes.com/m/blood_simple
Peeping Tom,http://www.rottentomatoes.com/m/peeping_tom_1960
The Vast of Night,http://www.rottentomatoes.com/m/the_vast_of_night
10 Cloverfield Lane,http://www.rottentomatoes.com/m/10_cloverfield_lane
To Catch a Thief,http://www.rottentomatoes.com/m/to_catch_a_thief
Diabolique,http://www.rottentomatoes.com/m/1032980-diabolique
Bridge of Spies,http://www.rottentomatoes.com/m/bridge_of_spies
The Conversation,http://www.rottentomatoes.com/m/the_conversation
Gone Girl,http://www.rottentomatoes.com/m/gone_girl
Forbidden Planet,http://www.rottentomatoes.com/m/forbidden_planet
Jurassic Park,http://www.rottentomatoes.com/m/jurassic_park
In the Line of Fire,http://www.rottentomatoes.com/m/in_the_line_of_fire
Carol,http://www.rottentomatoes.com/m/carol
Before Midnight,http://www.rottentomatoes.com/m/before_midnight_2013
Her,http://www.rottentomatoes.com/m/her
Ash Is Purest White,http://www.rottentomatoes.com/m/ash_is_purest_white
The Hustler,http://www.rottentomatoes.com/m/hustler
Before Sunrise,http://www.rottentomatoes.com/m/before_sunrise
Cold War,http://www.rottentomatoes.com/m/cold_war_2018
Slumdog Millionaire,http://www.rottentomatoes.com/m/slumdog_millionaire
Atlantics,http://www.rottentomatoes.com/m/atlantics
Titanic,http://www.rottentomatoes.com/m/titanic
Say Anything...,http://www.rottentomatoes.com/m/say_anything
The Lunchbox,http://www.rottentomatoes.com/m/the_lunchbox
Sense and Sensibility,http://www.rottentomatoes.com/m/1068832-sense_and_sensibility
The Half of It,http://www.rottentomatoes.com/m/the_half_of_it
From Here to Eternity,http://www.rottentomatoes.com/m/1007931-from_here_to_eternity
Foreign Correspondent,http://www.rottentomatoes.com/m/foreign_correspondent
Four Weddings and a Funeral,http://www.rottentomatoes.com/m/four_weddings_and_a_funeral
Shakespeare in Love,http://www.rottentomatoes.com/m/shakespeare_in_love
Midnight in Paris,http://www.rottentomatoes.com/m/midnight_in_paris
Manhattan,http://www.rottentomatoes.com/m/manhattan
Gilda,http://www.rottentomatoes.com/m/gilda
Masculine-Feminine,http://www.rottentomatoes.com/m/masculine_feminine
Up in the Air,http://www.rottentomatoes.com/m/up_in_the_air_2009
Gloria Bell,http://www.rottentomatoes.com/m/gloria_bell
Dave,http://www.rottentomatoes.com/m/dave
Eternal Sunshine of the Spotless Mind,http://www.rottentomatoes.com/m/eternal_sunshine_of_the_spotless_mind
The Town,http://www.rottentomatoes.com/m/the_town
A Summer's Tale,http://www.rottentomatoes.com/m/summers_tale
Moonstruck,http://www.rottentomatoes.com/m/moonstruck
Before Sunset,http://www.rottentomatoes.com/m/before_sunset
Big Night,http://www.rottentomatoes.com/m/big_night
Howards End,http://www.rottentomatoes.com/m/howards_end
Shithouse,http://www.rottentomatoes.com/m/shithouse
Giant,http://www.rottentomatoes.com/m/giant
The Crying Game,http://www.rottentomatoes.com/m/crying_game
Daughters of the Dust,http://www.rottentomatoes.com/m/daughters_of_the_dust
The Quiet Man,http://www.rottentomatoes.com/m/quiet_man
About a Boy,http://www.rottentomatoes.com/m/about_a_boy
To All the Boys I've Loved Before,http://www.rottentomatoes.com/m/to_all_the_boys_ive_loved_before
Monsoon Wedding,http://www.rottentomatoes.com/m/monsoon_wedding
Revanche,http://www.rottentomatoes.com/m/revanche
The Martian,http://www.rottentomatoes.com/m/the_martian
Edge of Tomorrow,http://www.rottentomatoes.com/m/live_die_repeat_edge_of_tomorrow
Snowpiercer,http://www.rottentomatoes.com/m/snowpiercer
Blade Runner,http://www.rottentomatoes.com/m/blade_runner
The Hunger Games: Catching Fire,http://www.rottentomatoes.com/m/the_hunger_games_catching_fire
Love Is Strange,http://www.rottentomatoes.com/m/love_is_strange_2014
Last Year at Marienbad,http://www.rottentomatoes.com/m/last_year_at_marienbad
Undefeated,http://www.rottentomatoes.com/m/undefeated_2012
The Overnighters,http://www.rottentomatoes.com/m/the_overnighters
Call Me Kuchu,http://www.rottentomatoes.com/m/call_me_kuchu_2011
Holy Motors,http://www.rottentomatoes.com/m/holy_motors
Restrepo,http://www.rottentomatoes.com/m/restrepo
Mea Maxima Culpa: Silence in the House of God,http://www.rottentomatoes.com/m/mea_maxima_culpa_silence_in_the_house_of_god
Let the Fire Burn,http://www.rottentomatoes.com/m/let_the_fire_burn_2013
The Queen of Versailles,http://www.rottentomatoes.com/m/the_queen_of_versailles
For the Bible Tells Me So,http://www.rottentomatoes.com/m/for_the_bible_tells_me_so
Blindsight,http://www.rottentomatoes.com/m/blindsight
Pandora's Box,http://www.rottentomatoes.com/m/pandoras_box
The Imposter,http://www.rottentomatoes.com/m/the_imposter_2012
Surfwise,http://www.rottentomatoes.com/m/surfwise
No End in Sight,http://www.rottentomatoes.com/m/no_end_in_sight
The Life and Times of Hank Greenberg,http://www.rottentomatoes.com/m/the_life_and_times_of_hank_greenberg
Burma VJ: Reporting From a Closed Country,http://www.rottentomatoes.com/m/burma-vj
An Inconvenient Truth,http://www.rottentomatoes.com/m/inconvenient_truth
Finding Vivian Maier,http://www.rottentomatoes.com/m/finding_vivian_maier
Winged Migration,http://www.rottentomatoes.com/m/winged_migration
Sicko,http://www.rottentomatoes.com/m/sicko
Sweetgrass,http://www.rottentomatoes.com/m/sweetgrass
A Film Unfinished,http://www.rottentomatoes.com/m/film_unfinished
"Bigger, Stronger, Faster",http://www.rottentomatoes.com/m/bigger_stronger_faster_asterisk
Trouble the Water,http://www.rottentomatoes.com/m/trouble_the_water
"Food, Inc.",http://www.rottentomatoes.com/m/food_inc
Chasing Ice,http://www.rottentomatoes.com/m/chasing_ice_2012
To Be and to Have,http://www.rottentomatoes.com/m/to_be_and_to_have
The Salt of the Earth,http://www.rottentomatoes.com/m/the_salt_of_the_earth
The Wild Parrots of Telegraph Hill,http://www.rottentomatoes.com/m/wild_parrots_of_telegraph_hill
The Gatekeepers,http://www.rottentomatoes.com/m/the_gatekeepers_2012
Control Room,http://www.rottentomatoes.com/m/control_room
Bus 174,http://www.rottentomatoes.com/m/bus_174
Touching the Void,http://www.rottentomatoes.com/m/touching_the_void
My Winnipeg,http://www.rottentomatoes.com/m/1195800-my_winnipeg
Manakamana,http://www.rottentomatoes.com/m/manakamana
I Am Divine,http://www.rottentomatoes.com/m/i_am_divine
Cutie and the Boxer,http://www.rottentomatoes.com/m/cutie_and_the_boxer
Brooklyn Castle,http://www.rottentomatoes.com/m/brooklyn_castle_2012
Deep Water,http://www.rottentomatoes.com/m/10008507-deep_water
The Last of the Unjust,http://www.rottentomatoes.com/m/the_last_of_the_unjust
The Devil Came on Horseback,http://www.rottentomatoes.com/m/devil_came_on_horseback
Good Hair,http://www.rottentomatoes.com/m/good_hair
Up the Yangtze,http://www.rottentomatoes.com/m/up_the_yangtze
5 Broken Cameras,http://www.rottentomatoes.com/m/5_broken_cameras_2012
National Gallery,http://www.rottentomatoes.com/m/national_gallery
Plagues and Pleasures on the Salton Sea,http://www.rottentomatoes.com/m/plagues_and_pleasures_on_the_salton_sea
Last Days in Vietnam,http://www.rottentomatoes.com/m/last_days_in_vietnam
Super Size Me,http://www.rottentomatoes.com/m/super_size_me
The Arbor,http://www.rottentomatoes.com/m/the_arbor_2010
Rocky,http://www.rottentomatoes.com/m/1017776-rocky
Battle of the Sexes,http://www.rottentomatoes.com/m/battle_of_the_sexes
The Fighter,http://www.rottentomatoes.com/m/the_fighter_2011
The Crash Reel,http://www.rottentomatoes.com/m/the_crash_reel_2013
Sugar,http://www.rottentomatoes.com/m/10009355-sugar
Senna,http://www.rottentomatoes.com/m/senna
The Damned United,http://www.rottentomatoes.com/m/damned_united
Creed II,http://www.rottentomatoes.com/m/creed_ii
Boxing Gym,http://www.rottentomatoes.com/m/boxing_gym
Red Army,http://www.rottentomatoes.com/m/red_army_2015
Riding Giants,http://www.rottentomatoes.com/m/riding_giants
Dogtown and Z-Boys,http://www.rottentomatoes.com/m/dogtown_and_zboys
The Color of Money,http://www.rottentomatoes.com/m/color_of_money
Up for Grabs,http://www.rottentomatoes.com/m/up_for_grabs
Hoosiers,http://www.rottentomatoes.com/m/hoosiers
Girlfight,http://www.rottentomatoes.com/m/girlfight
Tristram Shandy: A Cock and Bull Story,http://www.rottentomatoes.com/m/tristram_shandy_a_cock_and_bull_story
Heaven Can Wait,http://www.rottentomatoes.com/m/1009427-heaven_can_wait
Field of Dreams,http://www.rottentomatoes.com/m/field_of_dreams
The Heart of the Game,http://www.rottentomatoes.com/m/the-heart-of-the-game
Tyson,http://www.rottentomatoes.com/m/1208128-tyson
The Hurricane,http://www.rottentomatoes.com/m/1093641-hurricane
Chariots of Fire,http://www.rottentomatoes.com/m/chariots_of_fire
Looking for Eric,http://www.rottentomatoes.com/m/looking_for_eric
The Armstrong Lie,http://www.rottentomatoes.com/m/the_armstrong_lie_2013
Major League,http://www.rottentomatoes.com/m/major_league
Go Tigers!,http://www.rottentomatoes.com/m/go_tigers
You Cannot Kill David Arquette,http://www.rottentomatoes.com/m/you_cannot_kill_david_arquette
Goon,http://www.rottentomatoes.com/m/goon
Beyond the Mat,http://www.rottentomatoes.com/m/beyond_the_mat
Invictus,http://www.rottentomatoes.com/m/invictus
The Boxer,http://www.rottentomatoes.com/m/the_boxer
Vision: From the Life of Hildegard von Bingen,http://www.rottentomatoes.com/m/vision_2010
A League of Their Own,http://www.rottentomatoes.com/m/league_of_their_own
Step Into Liquid,http://www.rottentomatoes.com/m/step_into_liquid
Once in a Lifetime: The Extraordinary Story of the New York Cosmos,http://www.rottentomatoes.com/m/10006849-once_in_a_lifetime
Fed Up,http://www.rottentomatoes.com/m/fed_up_2014
Stoked: The Rise and Fall of Gator,http://www.rottentomatoes.com/m/stoked_the_rise_and_fall_of_gator
Talladega Nights: The Ballad of Ricky Bobby,http://www.rottentomatoes.com/m/talladega_nights_the_ballad_of_ricky_bobby
Invincible,http://www.rottentomatoes.com/m/invincible
Ultimate X: The Movie,http://www.rottentomatoes.com/m/ultimate_x_the_movie
Gunnin' for That No. 1 Spot,http://www.rottentomatoes.com/m/gunnin_for_that_1_spot
The Blind Side,http://www.rottentomatoes.com/m/1212694-blind_side
More Than a Game,http://www.rottentomatoes.com/m/more_than_a_game
Secretariat,http://www.rottentomatoes.com/m/secretariat
The Sandlot,http://www.rottentomatoes.com/m/sandlot
Dust to Glory,http://www.rottentomatoes.com/m/dust_to_glory
NASCAR,http://www.rottentomatoes.com/m/nascar_the_imax_experience
Glory Road,http://www.rottentomatoes.com/m/1155467-glory_road
Because of Winn-Dixie,http://www.rottentomatoes.com/m/because_of_winndixie
The Perfect Game,http://www.rottentomatoes.com/m/1197992-perfect_game
Steep,http://www.rottentomatoes.com/m/steep
First Descent,http://www.rottentomatoes.com/m/first_descent
Soul Surfer,http://www.rottentomatoes.com/m/soul_surfer
The Replacements,http://www.rottentomatoes.com/m/replacements
Beerfest,http://www.rottentomatoes.com/m/beerfest
Goal! The Dream Begins,http://www.rottentomatoes.com/m/1158528-goal
Grudge Match,http://www.rottentomatoes.com/m/grudge_match_2014
Jiminy Glick in Lalawood,http://www.rottentomatoes.com/m/jiminy_glick_in_lalawood
Playing for Keeps,http://www.rottentomatoes.com/m/playing_for_keeps_2012
The Return,http://www.rottentomatoes.com/m/the_return
Behind the Candelabra,http://www.rottentomatoes.com/m/behind_the_candelabra
"Not Quite Hollywood: The Wild, Untold Story of Ozploitation!",http://www.rottentomatoes.com/m/not_quite_hollywood
Being Elmo: A Puppeteer's Journey,http://www.rottentomatoes.com/m/being_elmo_a_puppeteers_journey
El Camino: A Breaking Bad Movie,http://www.rottentomatoes.com/m/el_camino_a_breaking_bad_movie
American Movie,http://www.rottentomatoes.com/m/american_movie
Best Worst Movie,http://www.rottentomatoes.com/m/best_worst_movie
The Normal Heart,http://www.rottentomatoes.com/m/the_normal_heart
Side by Side,http://www.rottentomatoes.com/m/side_by_side_2012
Joan Rivers: A Piece of Work,http://www.rottentomatoes.com/m/joan-rivers-a-piece-of-work
"Yoo-Hoo, Mrs. Goldberg",http://www.rottentomatoes.com/m/yoo_hoo_mrs_goldberg
The Kid Stays in the Picture,http://www.rottentomatoes.com/m/kid_stays_in_the_picture
F for Fake,http://www.rottentomatoes.com/m/f_for_fake
"Electric Boogaloo: The Wild, Untold Story of Cannon Films",http://www.rottentomatoes.com/m/electric_boogaloo_the_wild_untold_story_of_cannon_films
Duel,http://www.rottentomatoes.com/m/1006345-duel
Saraband,http://www.rottentomatoes.com/m/saraband
Corman's World: Exploits of a Hollywood Rebel,http://www.rottentomatoes.com/m/cormans_world_exploits_of_a_hollywood_rebel
Doctor Zhivago,http://www.rottentomatoes.com/m/1006037-doctor_zhivago
The Five Obstructions,http://www.rottentomatoes.com/m/five_obstructions
Tell Them Who You Are,http://www.rottentomatoes.com/m/tell_them_who_you_are
This Film Is Not Yet Rated,http://www.rottentomatoes.com/m/this_film_is_not_yet_rated
Trekkies,http://www.rottentomatoes.com/m/trekkies
Outfoxed: Rupert Murdoch's War on Journalism,http://www.rottentomatoes.com/m/outfoxed_rupert_murdochs_war_on_journalism
Inside Deep Throat,http://www.rottentomatoes.com/m/inside_deep_throat
Trumbo,http://www.rottentomatoes.com/m/1193303-1193303-trumbo
Confirmation,http://www.rottentomatoes.com/m/confirmation
Blank City,http://www.rottentomatoes.com/m/blank-city
Tupac: Resurrection,http://www.rottentomatoes.com/m/tupac_resurrection
Overnight,http://www.rottentomatoes.com/m/overnight
Disney's Teacher's Pet,http://www.rottentomatoes.com/m/teachers_pet_2004
Pom Wonderful Presents: The Greatest Movie Ever Sold,http://www.rottentomatoes.com/m/pom_wonderful_presents_the_greatest_movie_ever_sold
Fellini: I'm a Born Liar,http://www.rottentomatoes.com/m/fellini_im_a_born_liar
Only Human,http://www.rottentomatoes.com/m/only_human
My Date With Drew,http://www.rottentomatoes.com/m/my_date_with_drew
Waking Sleeping Beauty,http://www.rottentomatoes.com/m/waking_sleeping_beauty
Porn Star: The Legend of Ron Jeremy,http://www.rottentomatoes.com/m/porn_star_the_legend_of_ron_jeremy
Cinema Verite,http://www.rottentomatoes.com/m/cinema_verite_2011
The Rugrats Movie,http://www.rottentomatoes.com/m/rugrats_movie
I'm Still Here,http://www.rottentomatoes.com/m/im_still_here_2010
Bamboozled,http://www.rottentomatoes.com/m/bamboozled
No Strings Attached,http://www.rottentomatoes.com/m/no_strings_attached_2011
Phil Spector,http://www.rottentomatoes.com/m/phil_spector
I Am,http://www.rottentomatoes.com/m/i_am_2011
The Real Cancun,http://www.rottentomatoes.com/m/real_cancun
15 Minutes,http://www.rottentomatoes.com/m/15_minutes
Man of the Year,http://www.rottentomatoes.com/m/man_of_the_year
Pokémon 3: The Movie,http://www.rottentomatoes.com/m/pokemon_3_the_movie
The Honeymooners,http://www.rottentomatoes.com/m/1146572-honeymooners
From Justin to Kelly,http://www.rottentomatoes.com/m/from_justin_to_kelly
"The Good, the Bad and the Ugly",http://www.rottentomatoes.com/m/the_good_the_bad_and_the_ugly
Unforgiven,http://www.rottentomatoes.com/m/1041911-unforgiven
Once Upon a Time in the West,http://www.rottentomatoes.com/m/once_upon_a_time_in_the_west
Deadwood: The Movie,http://www.rottentomatoes.com/m/deadwood_the_movie
The Man Who Shot Liberty Valance,http://www.rottentomatoes.com/m/man_who_shot_liberty_valance
The Ballad of Buster Scruggs,http://www.rottentomatoes.com/m/the_ballad_of_buster_scruggs
Django Unchained,http://www.rottentomatoes.com/m/django_unchained_2012
The Wild Bunch,http://www.rottentomatoes.com/m/1059489-wild_bunch
3:10 to Yuma,http://www.rottentomatoes.com/m/310_to_yuma
Lone Star,http://www.rottentomatoes.com/m/1074022-lone_star
Butch Cassidy and the Sundance Kid,http://www.rottentomatoes.com/m/1003318-butch_cassidy_and_the_sundance_kid
Blazing Saddles,http://www.rottentomatoes.com/m/blazing_saddles
The Magnificent Seven,http://www.rottentomatoes.com/m/1013077-magnificent_seven
The Outlaw Josey Wales,http://www.rottentomatoes.com/m/outlaw_josey_wales
City Slickers,http://www.rottentomatoes.com/m/city_slickers
Westworld,http://www.rottentomatoes.com/m/westworld
McCabe & Mrs. Miller,http://www.rottentomatoes.com/m/mccabe_and_mrs_miller
The Three Burials of Melquiades Estrada,http://www.rottentomatoes.com/m/three_burials_of_melquiades_estrada
Meek's Cutoff,http://www.rottentomatoes.com/m/meeks_cutoff
Prospect,http://www.rottentomatoes.com/m/prospect_2018
The Proposition,http://www.rottentomatoes.com/m/proposition
Dances With Wolves,http://www.rottentomatoes.com/m/dances_with_wolves
Near Dark,http://www.rottentomatoes.com/m/1014793-near_dark
The Hateful Eight,http://www.rottentomatoes.com/m/the_hateful_eight
The Homesman,http://www.rottentomatoes.com/m/the_homesman
Open Range,http://www.rottentomatoes.com/m/open_range
Shanghai Noon,http://www.rottentomatoes.com/m/shanghai_noon
"The Good, the Bad, the Weird",http://www.rottentomatoes.com/m/the_good_the_bad_the_weird
Appaloosa,http://www.rottentomatoes.com/m/10008785-appaloosa
The Assassination of Jesse James by the Coward Robert Ford,http://www.rottentomatoes.com/m/assassination_of_jesse_james_by_the_coward_robert_ford
Red Hill,http://www.rottentomatoes.com/m/red_hill_2010
The Ballad of Little Jo,http://www.rottentomatoes.com/m/ballad_of_little_jo
Hostiles,http://www.rottentomatoes.com/m/hostiles
In a Valley of Violence,http://www.rottentomatoes.com/m/in_a_valley_of_violence
Tombstone,http://www.rottentomatoes.com/m/tombstone
Blackthorn,http://www.rottentomatoes.com/m/blackthorn
The Horse Whisperer,http://www.rottentomatoes.com/m/horse_whisperer
The Keeping Room,http://www.rottentomatoes.com/m/the_keeping_room
Tears of the Black Tiger,http://www.rottentomatoes.com/m/tears_of_the_black_tiger
The Salvation,http://www.rottentomatoes.com/m/the_salvation
Dead Man,http://www.rottentomatoes.com/m/dead_man
The Rover,http://www.rottentomatoes.com/m/the_rover
Maverick,http://www.rottentomatoes.com/m/maverick
The Claim,http://www.rottentomatoes.com/m/claim
The Missing,http://www.rottentomatoes.com/m/1127407-missing
Heaven's Gate,http://www.rottentomatoes.com/m/heavens_gate
Legends of the Fall,http://www.rottentomatoes.com/m/legends_of_the_fall
The Quick and the Dead,http://www.rottentomatoes.com/m/1059629-quick_and_the_dead
The Killer Inside Me,http://www.rottentomatoes.com/m/the_killer_inside_me
Sukiyaki Western Django,http://www.rottentomatoes.com/m/sukiyaki_western_django
Seraphim Falls,http://www.rottentomatoes.com/m/seraphim_falls
Ned Kelly,http://www.rottentomatoes.com/m/1131148-ned_kelly
Down in the Valley,http://www.rottentomatoes.com/m/down_in_the_valley
Cowboys & Aliens,http://www.rottentomatoes.com/m/cowboys_and_aliens
The Pale Door,http://www.rottentomatoes.com/m/the_pale_door
Three Amigos!,http://www.rottentomatoes.com/m/1021312-three_amigos
Brimstone,http://www.rottentomatoes.com/m/brimstone_2017
Jane Got a Gun,http://www.rottentomatoes.com/m/jane_got_a_gun
Forsaken,http://www.rottentomatoes.com/m/forsaken_2016
A Million Ways to Die in the West,http://www.rottentomatoes.com/m/a_million_ways_to_die_in_the_west
The Lone Ranger,http://www.rottentomatoes.com/m/the_lone_ranger
The Alamo,http://www.rottentomatoes.com/m/alamo
The Warrior's Way,http://www.rottentomatoes.com/m/the-warriors-way
The Dark Tower,http://www.rottentomatoes.com/m/the_dark_tower_2017
Wild Wild West,http://www.rottentomatoes.com/m/wild_wild_west
Priest,http://www.rottentomatoes.com/m/10009274-priest
September Dawn,http://www.rottentomatoes.com/m/september_dawn
American Outlaws,http://www.rottentomatoes.com/m/american_outlaws
Jonah Hex,http://www.rottentomatoes.com/m/jonah_hex
Texas Rangers,http://www.rottentomatoes.com/m/1111103-texas_rangers
