title,imagen
Black Panther,https://resizing.flixster.com/z27vZVXCRmpvETmdJQEW9Il7Z2Y=/206x305/v2/https://resizing.flixster.com/KBlur3LaA-y1U1yt6_Y2uO25ozA=/ems.cHJkLWVtcy1hc3NldHMvbW92aWVzLzMxOGI1YzBhLWMyMjEtNGUxMS1iM2Q0LWQ4OGMyYzQyZjQyYS53ZWJw
Avengers: Endgame,https://resizing.flixster.com/2yTtbYaljlzWgEhOCUTrH55jjfM=/206x305/v2/https://resizing.flixster.com/fC7nU6iTRQk02tS0SDS1ylx-G34=/ems.cHJkLWVtcy1hc3NldHMvbW92aWVzL2QxZjE5ZDgzLTRiY2MtNDFkYS04NWQ4LTRkYzc1ZTAwNWE2NC53ZWJw
Mission: Impossible -- Fallout,https://resizing.flixster.com/kDBqCUI_lLmgdJvKrerE6EA4Fn4=/206x305/v2/https://resizing.flixster.com/KXiRfT4zjPxiNIqdi5UH4ffln9s=/ems.cHJkLWVtcy1hc3NldHMvbW92aWVzLzhiMWVjNTExLTEwNjMtNDk2NC1iY2JhLTY1YWIyYTk1Njk1ZC53ZWJw
Mad Max: Fury Road,https://resizing.flixster.com/W2oVMXCI7lZuBYkRA2BVj9rCOGw=/206x305/v2/https://resizing.flixster.com/-XZAfHZM39UwaGJIFWKAE8fS0ak=/v3/t/assets/p10854488_p_v8_ac.jpg
Spider-Man: Into the Spider-Verse,https://resizing.flixster.com/xVd9PLVkH69dU3Yo9XLSjdMeu1M=/206x305/v2/https://resizing.flixster.com/_l50Ahm00b-RO9Ao2s3AyMjUWiU=/ems.cHJkLWVtcy1hc3NldHMvbW92aWVzL2ExYTZmMWFkLWViZWItNDNhMS1iZTEwLTcxODk1YTk3NWFhMy53ZWJw
Wonder Woman,https://resizing.flixster.com/eZoa81TpJQ8DFvhQZAKqzPTCkNA=/206x305/v2/https://resizing.flixster.com/oV9ExzAFUOnlqgtCAM0-aL2fXUs=/ems.cHJkLWVtcy1hc3NldHMvbW92aWVzLzg5ZDA3ZGQ4LTE2NDUtNDUyNi04NTZjLTk3Y2MyZTAyODAyOS53ZWJw
Dunkirk,https://resizing.flixster.com/yrvRYyYRovexmCmIi_pije0JZyQ=/206x305/v2/https://resizing.flixster.com/Q8brnMSWFLzW9S2nPmfqAYdQRQg=/ems.cHJkLWVtcy1hc3NldHMvbW92aWVzL2I1MWE0NTljLTA3ODgtNDZkYy04NTcwLTgzMzg3ZjRmMzRhNC53ZWJw
Coco,https://resizing.flixster.com/iCqOkQHPkLr2JMXeQAh8FHR2R_M=/206x305/v2/https://resizing.flixster.com/-XZAfHZM39UwaGJIFWKAE8fS0ak=/v3/t/NowShowing/172117/172117_ac.jpg
Thor: Ragnarok,https://resizing.flixster.com/sgOB_IkAGoqHjw9CYA1hLOu5RNU=/206x305/v2/https://resizing.flixster.com/cfMzccfl2JCRfmwdK2cCVqBIAlc=/ems.cHJkLWVtcy1hc3NldHMvbW92aWVzLzI0NDdkYmJhLTY2MmEtNDY5My04MzMzLTFjMzZhYmM4MDkzZC53ZWJw
Logan,https://resizing.flixster.com/0GEwSIASmiIPMgW__KgjJITA9Ps=/206x305/v2/https://resizing.flixster.com/51dPxdHRE4zztJs60xLy9RBKyro=/ems.cHJkLWVtcy1hc3NldHMvbW92aWVzLzU0MTMxZTVlLWRmZGYtNDk5Ni1hYjc0LWJkZGM4MGMxMDkyNC53ZWJw
Star Wars: The Last Jedi,https://resizing.flixster.com/Zyp1l7jrV1WS_P_q1pkUBt4f-U4=/206x305/v2/https://resizing.flixster.com/YBqioJcWi49K9fnw3Ot9r_WCdJ8=/ems.cHJkLWVtcy1hc3NldHMvbW92aWVzLzZlZmZhNjViLWZkNGQtNDZiNS1iNjkwLTY5OGE1MzkxMDk4Ni53ZWJw
Star Wars: The Force Awakens,https://resizing.flixster.com/MgoG21XAMN5qwBD-JiSAzSryf3A=/206x305/v2/https://resizing.flixster.com/-XZAfHZM39UwaGJIFWKAE8fS0ak=/v3/t/assets/p10989070_p_v12_bk.jpg
The Adventures of Robin Hood,https://resizing.flixster.com/iR1MszBwyHaZgf-LHkJwdqI8rFo=/206x305/v2/https://resizing.flixster.com/-XZAfHZM39UwaGJIFWKAE8fS0ak=/v3/t/assets/p940_p_v13_ad.jpg
King Kong,https://resizing.flixster.com/3Gx27CRtXR4dxeczmVui6N1X71Q=/206x305/v2/https://resizing.flixster.com/squJnm4ZOEI3xdLZTEIWCm3qLpY=/ems.cHJkLWVtcy1hc3NldHMvbW92aWVzLzVjNThlMTQyLTBiMjItNDNiMy1iZjg3LTE4NGUwMWE0NmM1MC5qcGc=
Spider-Man: Far From Home,https://resizing.flixster.com/vMxRk7RVIUWAlLkKFWZCt7ALT90=/206x305/v2/https://resizing.flixster.com/Fc1FZrej9A-GYxYP3boYzqIQ9Tk=/ems.cHJkLWVtcy1hc3NldHMvbW92aWVzLzRmYzI5Yzc5LWI1NDUtNDk5OC1hNjBkLTRlNGNhZTRjNWE4OS53ZWJw
Incredibles 2,https://resizing.flixster.com/fT75-foskZ7CZF3vRMc7Ck9wVsw=/206x305/v2/https://resizing.flixster.com/JM_pdN4TAfPp5l6KlDDC15hfaMQ=/ems.cHJkLWVtcy1hc3NldHMvbW92aWVzLzdiZDJmN2M0LWNjYTQtNDIxMy1iNTQ3LTBjMTJkMjhlZWYwOS53ZWJw
Zootopia,https://resizing.flixster.com/hRR6IbO6HtpCB0yyqthLnDgLKWk=/206x305/v2/https://resizing.flixster.com/-XZAfHZM39UwaGJIFWKAE8fS0ak=/v3/t/assets/p11993845_p_v8_aq.jpg
War for the Planet of the Apes,https://resizing.flixster.com/hzbgPAMhNcS60Ig1L2yRcCfuB0A=/206x305/v2/https://resizing.flixster.com/-XZAfHZM39UwaGJIFWKAE8fS0ak=/v3/t/assets/p12126545_p_v8_ar.jpg
Spider-Man: Homecoming,https://resizing.flixster.com/FvwtIbm77-sXnBU1gZpL8OsDHVg=/206x305/v2/https://resizing.flixster.com/-XZAfHZM39UwaGJIFWKAE8fS0ak=/v3/t/assets/p12798844_p_v8_ao.jpg
Baby Driver,https://resizing.flixster.com/gtznc_tZwk3YenkKdVpvfn-ulpA=/206x305/v2/https://resizing.flixster.com/Vbat7sd_HYgR3_SPcJ3Y8Pcrjl0=/ems.cHJkLWVtcy1hc3NldHMvbW92aWVzL2QwZmU3ZDZlLTRhMmItNDgxMy04NjM1LWViNmE3ZjkzNjhkNC53ZWJw
Seven Samurai,https://resizing.flixster.com/fsIHET3BY_Zb2AwbXhF6RhFAHuk=/206x305/v2/https://resizing.flixster.com/-XZAfHZM39UwaGJIFWKAE8fS0ak=/v3/t/assets/p5588_p_v8_au.jpg
Metropolis,https://resizing.flixster.com/fjGuCaxKdxZoV2Cj0xIdQcZ_eJA=/206x305/v2/https://resizing.flixster.com/-XZAfHZM39UwaGJIFWKAE8fS0ak=/v3/t/assets/p5638_p_v8_aa.jpg
Jaws,https://resizing.flixster.com/UOnpZzTlwwcV4wWQS7D-272Tcjo=/206x305/v2/https://resizing.flixster.com/-XZAfHZM39UwaGJIFWKAE8fS0ak=/v3/t/assets/p8174_p_v8_av.jpg
Up,https://resizing.flixster.com/Hb87vkqY9TiCm5HmEhrUW53smWk=/206x305/v2/https://resizing.flixster.com/-XZAfHZM39UwaGJIFWKAE8fS0ak=/v3/t/assets/p190662_p_v12_ay.jpg
Shazam!,https://resizing.flixster.com/RPGddp_AJ8j7O01gWPebUQkZD1c=/206x305/v2/https://resizing.flixster.com/Hm4c08vS5kceTzWphzzqJN2FtNY=/ems.cHJkLWVtcy1hc3NldHMvbW92aWVzLzUxMDhmN2IxLTE0OWYtNDIwYy05ZjVlLTk1MWUwNzJhYjEwMi53ZWJw
The Dark Knight,https://resizing.flixster.com/dJM7TJzf7qEp9NA2Kni0Cug9myc=/206x305/v2/https://resizing.flixster.com/Wg25mLoPWxjcxXzNyaSF4VGgGE4=/ems.cHJkLWVtcy1hc3NldHMvbW92aWVzL2ZiNjZiNWFkLWVhNzEtNDRhMC1iNGIwLTFmY2FkNzllNTJlMi5qcGc=
The Treasure of the Sierra Madre,https://resizing.flixster.com/F6jpA5A2kWU9C_g05X5wihlvnxc=/206x305/v2/https://resizing.flixster.com/-XZAfHZM39UwaGJIFWKAE8fS0ak=/v3/t/assets/p309_p_v8_aa.jpg
Blade Runner 2049,https://resizing.flixster.com/e0yEXMKWcKU8_JJ4i3vu45poKbI=/206x305/v2/https://resizing.flixster.com/73VCeyfsM8UDQ0o7IjUIcXr7jd8=/ems.cHJkLWVtcy1hc3NldHMvbW92aWVzL2RlNzI0MGQyLTQ2ZTktNGMyYi05N2VmLTFjMDhiY2VlMDQ2Ni53ZWJw
The 39 Steps,https://resizing.flixster.com/WmtEmkqmZwqvT3FTBphUqGAi614=/206x305/v2/https://resizing.flixster.com/-XZAfHZM39UwaGJIFWKAE8fS0ak=/v3/t/assets/p5062_p_v8_aa.jpg
Captain America: Civil War,https://resizing.flixster.com/JbXw8Y5fwrZxzLKUwoFoMGY1JxE=/206x305/v2/https://resizing.flixster.com/1nBX_V-Cyl3s_VE5LBBZR0sXvvo=/ems.cHJkLWVtcy1hc3NldHMvbW92aWVzL2M3NGMwNGE0LTE2MWMtNDIzYS1hMTQyLWY0ZWM0MGU4ZGIxNC53ZWJw
The Jungle Book,https://resizing.flixster.com/ljVLF9TM2p9awFt3lXCDLtvfqcs=/206x305/v2/https://resizing.flixster.com/MAzcs7htYgEBtFU-0XfvFJ-um9s=/ems.cHJkLWVtcy1hc3NldHMvbW92aWVzLzQ2ODNjZGEyLTg0NDMtNDcxYS1iZGYwLTI2NWMzNmZjNTJkOC53ZWJw
Harry Potter and the Deathly Hallows: Part 2,https://resizing.flixster.com/HlaNu8yx9GRfChqfGMnNIX0efOY=/206x305/v2/https://resizing.flixster.com/-XZAfHZM39UwaGJIFWKAE8fS0ak=/v3/t/assets/p7953526_p_v8_aa.jpg
Skyfall,https://resizing.flixster.com/kFnJzHw1xYjOIo2Cgr2N2a4D3O4=/206x305/v2/https://resizing.flixster.com/-XZAfHZM39UwaGJIFWKAE8fS0ak=/v3/t/assets/p8919177_p_v13_bj.jpg
Lawrence of Arabia,https://resizing.flixster.com/yuPMkx1Xm25O8OqubMOsM6guoWA=/206x305/v2/https://resizing.flixster.com/eBMrQ-GdDu0AfQXG1kK-Pv-19bc=/ems.cHJkLWVtcy1hc3NldHMvbW92aWVzLzkxZWJmOTkxLWYwZDEtNGQ5My05ZGE1LTU4YjcwODBlMmMyYS5qcGc=
Mission: Impossible Rogue Nation,https://resizing.flixster.com/HL_JzTqtvqsxLzonHbpKaqrAs-g=/206x305/v2/https://resizing.flixster.com/KFFYzJYFNrgxs2Y0VhC2ZLnVLNM=/ems.cHJkLWVtcy1hc3NldHMvbW92aWVzLzI1ZjUxNDJlLTQ1M2YtNDQyYi04NWEyLWNjN2M4YzMxM2JjOC53ZWJw
Apocalypse Now,https://resizing.flixster.com/y2YgaJYYzP_w5CWYpIltW_uKgdc=/206x305/v2/https://resizing.flixster.com/-XZAfHZM39UwaGJIFWKAE8fS0ak=/v3/t/assets/p5545_p_v13_at.jpg
The Hurt Locker,https://resizing.flixster.com/XkQFO3Rn-RRBjtxeihtpHRQxV4M=/206x305/v2/https://resizing.flixster.com/-XZAfHZM39UwaGJIFWKAE8fS0ak=/v3/t/assets/p197175_p_v10_aa.jpg
The LEGO Movie,https://resizing.flixster.com/vitAPZKFsg-zyWUNuAd5ib-92EY=/206x305/v2/https://resizing.flixster.com/2096IGqTl1MdFr5xOkiAdjyywos=/ems.cHJkLWVtcy1hc3NldHMvbW92aWVzLzVkN2RkZmFhLTEzYjktNGQ3Yy04NDY3LWI1MWQ1MjQyMzU4OC5qcGc=
Star Trek,https://resizing.flixster.com/5TGWJ-rfkSXqE3rMakhQgVmdq-w=/206x305/v2/https://resizing.flixster.com/l4_pkyoKpavrYt9LdvkXLr85W5U=/ems.cHJkLWVtcy1hc3NldHMvbW92aWVzLzNmMGQ5NWQ2LWFjMzItNGVjNS1iZThkLWFkMmVjZmIwYzQ4Yy5qcGc=
Moana,https://resizing.flixster.com/grXBKkNbAmtEbdY9cKQdKLZ5BjQ=/206x305/v2/https://resizing.flixster.com/F_sBk5tMHgElDAE7FymhDvYNAOI=/ems.cHJkLWVtcy1hc3NldHMvbW92aWVzLzI3ZTJjMGE4LTQwZTYtNDllOC05OTdlLTBjYTg0MGIzMzIwNy53ZWJw
Avengers: Infinity War,https://resizing.flixster.com/xC06wd4ol1CFog1PZ34PRcr_akg=/206x305/v2/https://resizing.flixster.com/CXOXbOpLNL1NNkXTQu-4Rgvcszs=/ems.cHJkLWVtcy1hc3NldHMvbW92aWVzLzM0NGRkMDM2LWVjNDQtNGZlMC04NGM3LWZkMzQ2Njg1OTUyNi53ZWJw
Ant-Man and The Wasp,https://resizing.flixster.com/u4_quCnzNTjmZlPxD9EkKeLnZAA=/206x305/v2/https://resizing.flixster.com/OQT-Iar3VPUPi_xSo6EWdx_RS38=/ems.cHJkLWVtcy1hc3NldHMvbW92aWVzLzQyNTBjMzY2LWJiMTItNDc3YS04ZDFiLWFiYTcxNzM4NThlZC53ZWJw
Star Wars,https://resizing.flixster.com/M0b3KpS_DIf8i9t-mxf4jrJGc38=/206x305/v2/https://resizing.flixster.com/rIic1xQq9hyHMW6OJsCNOCVKRdw=/ems.cHJkLWVtcy1hc3NldHMvbW92aWVzLzQ4Y2VkZjJhLWRmMGYtNDljZC1iN2JhLTYzMjk1YzMxNWMwOC53ZWJw
Isle of Dogs,https://resizing.flixster.com/Brw9sll3km8fL8gZneC1HjHkCVk=/206x305/v2/https://resizing.flixster.com/XuF2hKAjvAXR75I7Pg7ytwK4VD8=/ems.cHJkLWVtcy1hc3NldHMvbW92aWVzL2E1ZjdlMzNkLTA0MTctNGNmNy1iMjljLThkZGU1NzA2NmUyYy53ZWJw
Stagecoach,https://resizing.flixster.com/eMqfY2ypaxNErJv1-IuebNujDrc=/206x305/v2/https://resizing.flixster.com/-XZAfHZM39UwaGJIFWKAE8fS0ak=/v3/t/assets/p14330_p_v8_aa.jpg
Goldfinger,https://resizing.flixster.com/Cem8DREKvZtFoDibBt3J0cvM9H0=/206x305/v2/https://resizing.flixster.com/-XZAfHZM39UwaGJIFWKAE8fS0ak=/v3/t/assets/p3374_p_v8_as.jpg
Guardians of the Galaxy,https://resizing.flixster.com/hm_6mU7FhfCorXD5kiJRyneEA78=/206x305/v2/https://resizing.flixster.com/SneFHH-BDOhBkh7h1A-aNwcrxLM=/ems.cHJkLWVtcy1hc3NldHMvbW92aWVzL2U3YTY2YTQzLTU5NDgtNDNiMC04ZTI1LTFiZDYyMTMxMjc5MC5qcGc=
Kubo and the Two Strings,https://resizing.flixster.com/KGd2tFLzzHm67TW7qKm9HsqWLcM=/206x305/v2/https://resizing.flixster.com/444kXF_ndqW-5gDse6XWAAQW_7I=/ems.cHJkLWVtcy1hc3NldHMvbW92aWVzL2RmNTk3MDM4LTExN2MtNDk2Mi04MjJjLWVkMDliYTQ0M2EzNC53ZWJw
WALL-E,https://resizing.flixster.com/pKxQ3N4coE0tmb8Qn45feMSUCf0=/206x305/v2/https://resizing.flixster.com/cAPBycTaGTyvL5knoQfGAocmLTY=/ems.cHJkLWVtcy1hc3NldHMvbW92aWVzL2FkODNhNzI1LTRhOWItNDg0OC05ODcxLWM5NDlmMzVhZTYxYi53ZWJw
Marvel's the Avengers,https://resizing.flixster.com/6WHSHxkCrLKGv6bAXMn1A26ehVM=/206x305/v2/https://resizing.flixster.com/-XZAfHZM39UwaGJIFWKAE8fS0ak=/v3/t/assets/p8815512_p_v8_ax.jpg
Iron Man,https://resizing.flixster.com/3pxO4cKBL9QjNOkV42mTU4USCMc=/206x305/v2/https://resizing.flixster.com/-XZAfHZM39UwaGJIFWKAE8fS0ak=/v3/t/assets/p170620_p_v13_ae.jpg
The Terminator,https://resizing.flixster.com/Rxyp_L2fOqiEItaXust7ITlebpw=/206x305/v2/https://resizing.flixster.com/-XZAfHZM39UwaGJIFWKAE8fS0ak=/v3/t/assets/p7764_p_v8_au.jpg
The African Queen,https://resizing.flixster.com/y5Z9yjnud1iNFpn8_gSQRV2JmAY=/206x305/v2/https://resizing.flixster.com/-XZAfHZM39UwaGJIFWKAE8fS0ak=/v3/t/assets/p4105_p_v10_aa.jpg
Rio Bravo,https://resizing.flixster.com/4_0H40Jq8LbgL5-ha9uk5LH5Xl4=/206x305/v2/https://resizing.flixster.com/-XZAfHZM39UwaGJIFWKAE8fS0ak=/v3/t/assets/p7006_p_v8_ag.jpg
Hunt for the Wilderpeople,https://resizing.flixster.com/YDl0EySu3lnrIVdia6rKo2q4MH8=/206x305/v2/https://resizing.flixster.com/MByjpUGe5BNKUHeE3u-fDmzHMJE=/ems.cHJkLWVtcy1hc3NldHMvbW92aWVzL2M2ZTlmNGIxLWIwYjgtNDU4YS05ZmViLTY2NGM5NTI4NjcwNC53ZWJw
The French Connection,https://resizing.flixster.com/f2cwBNy6L2AWgtZs5ikhs0r-xV0=/206x305/v2/https://resizing.flixster.com/-XZAfHZM39UwaGJIFWKAE8fS0ak=/v3/t/assets/p912_p_v8_as.jpg
The Taking of Pelham One Two Three,https://resizing.flixster.com/APQ1xtl9UU1J3yLGsoHBpAL2piI=/206x305/v2/https://resizing.flixster.com/-XZAfHZM39UwaGJIFWKAE8fS0ak=/v3/t/assets/p3570_p_v13_ag.jpg
John Wick: Chapter 3 -- Parabellum,https://resizing.flixster.com/ZSRx0Aq6nuO2vxZJERk4WU3EnIY=/206x305/v2/https://resizing.flixster.com/W4TpAGQ8fGpOiZtkt8RXHW0ZvmE=/ems.cHJkLWVtcy1hc3NldHMvbW92aWVzL2U2NGRkMGIzLThiOTgtNDE1Mi1iZGYyLWQ4M2Y4OTg3ZDBkMC53ZWJw
Doctor Strange,https://resizing.flixster.com/yMZoUf8f60ULi8Yg3bajRou6lUs=/206x305/v2/https://resizing.flixster.com/2fRqqQGBPzHKkj-Z4S4UU4I2JXA=/ems.cHJkLWVtcy1hc3NldHMvbW92aWVzLzgzOGIzMTBlLTdiZWUtNDMyNy1hZjU0LTc5NzcyOWM3OWY3ZS53ZWJw
Aliens,https://resizing.flixster.com/DmMucRxo-xjPjmQJNqq1bMjFjc8=/206x305/v2/https://resizing.flixster.com/-XZAfHZM39UwaGJIFWKAE8fS0ak=/v3/t/assets/p9384_p_v8_bk.jpg
The Empire Strikes Back,https://resizing.flixster.com/2ar70IKTPwefa8vgxjBifauQf54=/206x305/v2/https://resizing.flixster.com/niYFsSzM4ZUEajogMi8Voh5cDc8=/ems.cHJkLWVtcy1hc3NldHMvbW92aWVzLzg5OWFjODY5LTdmZDctNDk2My04ZGRkLTYyZmRkZGYzMTQxMC53ZWJw
Paths of Glory,https://resizing.flixster.com/8R-h2jVPy-U_LknbhbTyE0Q3ats=/206x305/v2/https://resizing.flixster.com/-XZAfHZM39UwaGJIFWKAE8fS0ak=/v3/t/assets/p2007_p_v10_ah.jpg
True Grit,https://resizing.flixster.com/1XI1YWg13EwTiJTfB0w86AyH6g4=/206x305/v2/https://resizing.flixster.com/-XZAfHZM39UwaGJIFWKAE8fS0ak=/v3/t/assets/p8160526_p_v8_ae.jpg
X-Men: Days of Future Past,https://resizing.flixster.com/gdD6RLFLTDpfBoh0pz2jHHPgEsE=/206x305/v2/https://resizing.flixster.com/-XZAfHZM39UwaGJIFWKAE8fS0ak=/v3/t/assets/p10063537_p_v8_bl.jpg
The Bridge on the River Kwai,https://resizing.flixster.com/Gc-KJCaw-hVTrLGSjQnNBRJX1Ww=/206x305/v2/https://resizing.flixster.com/-XZAfHZM39UwaGJIFWKAE8fS0ak=/v3/t/assets/p808_p_v10_aa.jpg
Badlands,https://resizing.flixster.com/yfpVWkaUpXMdFLm0d8_lsTQmkcw=/206x305/v2/https://resizing.flixster.com/-XZAfHZM39UwaGJIFWKAE8fS0ak=/v3/t/assets/p2658_p_v8_ad.jpg
Gun Crazy,https://resizing.flixster.com/ofSyXGwwcWJgV4OoTxOL5AH3CUs=/206x305/v2/https://resizing.flixster.com/-XZAfHZM39UwaGJIFWKAE8fS0ak=/v3/t/assets/p7232_p_v10_ab.jpg
All Is Lost,https://resizing.flixster.com/xColVS3YuQoQACY0bboVB_Gt2rQ=/206x305/v2/https://resizing.flixster.com/-XZAfHZM39UwaGJIFWKAE8fS0ak=/v3/t/assets/p9936737_p_v10_am.jpg
The LEGO Batman Movie,https://resizing.flixster.com/RR7S3hCL1M9KPOQsZL3y4EEioYQ=/206x305/v2/https://resizing.flixster.com/bDG3nZ5107gOz5w7Mn8sMWl0T2s=/ems.cHJkLWVtcy1hc3NldHMvbW92aWVzLzAyZWRjMTFkLTM2NjUtNDA5YS1iY2Q1LTEyZjZiYTE3MTBmZi53ZWJw
The Princess Bride,https://resizing.flixster.com/xUMt5SQmo56BHDTPyUJcKlJljcY=/206x305/v2/https://resizing.flixster.com/SAjUubZLegGZKryqkd1AShfEX4A=/ems.cHJkLWVtcy1hc3NldHMvbW92aWVzLzVmYjQ5YjQ2LTgwYTYtNDk1Ny05YjcyLWY3ODNiM2E5ZmZiYy53ZWJw
Looper,https://resizing.flixster.com/j4gU_mDS86g88ASzb4XVsIl2HYo=/206x305/v2/https://resizing.flixster.com/-XZAfHZM39UwaGJIFWKAE8fS0ak=/v3/t/assets/p9076140_p_v13_ai.jpg
Chicken Run,https://resizing.flixster.com/eZ0xFWNuFo32iQaBe-8BkSGtfuI=/206x305/v2/https://resizing.flixster.com/-XZAfHZM39UwaGJIFWKAE8fS0ak=/v3/t/assets/p24668_p_v8_aa.jpg
Stalker,https://resizing.flixster.com/tKZR8jvN6bttDlBjeCj2nMEkgRU=/206x305/v2/https://resizing.flixster.com/-XZAfHZM39UwaGJIFWKAE8fS0ak=/v3/t/assets/p17498_p_v8_ai.jpg
Casino Royale,https://resizing.flixster.com/by5NNEyo3JyqVQf9y0QeU3Fe30o=/206x305/v2/https://resizing.flixster.com/-XZAfHZM39UwaGJIFWKAE8fS0ak=/v3/t/assets/p159167_p_v8_aw.jpg
Guardians of the Galaxy Vol. 2,https://resizing.flixster.com/MUpU9G5bejwhffALcOhV_ORj7sA=/206x305/v2/https://resizing.flixster.com/SY3NRybei-FtvHL-p2LrtZb0elY=/ems.cHJkLWVtcy1hc3NldHMvbW92aWVzLzI0ZDRiZmQ0LTI0ZjUtNDg5MC05NDUxLTdhMzdhMmU3NTMzOC53ZWJw
The Peanut Butter Falcon,https://resizing.flixster.com/0ZyXWs84EnreKFGBAPInvnd6Jxg=/206x305/v2/https://resizing.flixster.com/xCJehijWjzapZMY-oVGgv9qo6ZE=/ems.cHJkLWVtcy1hc3NldHMvbW92aWVzLzcxZjY3MTNiLWE0NTItNDM4MC04Yzc3LTBiYmI1YjZiMGMwZS53ZWJw
No Country for Old Men,https://resizing.flixster.com/G10uReRfZ3VVjK9VmXL7yayL_BU=/206x305/v2/https://resizing.flixster.com/-XZAfHZM39UwaGJIFWKAE8fS0ak=/v3/t/assets/p170313_p_v13_ad.jpg
Dawn of the Planet of the Apes,https://resizing.flixster.com/IDtboCCH0q92gu78y9nW9AWeP_U=/206x305/v2/https://resizing.flixster.com/XSBeFD4YVRRIfUwhSwKhSng5wDM=/ems.cHJkLWVtcy1hc3NldHMvbW92aWVzLzdkMTU5ZWJjLTZjODQtNGVkYy04OGMzLWU3MGQwMWE0NzVkNC5qcGc=
Captain Marvel,https://resizing.flixster.com/G_HcAEIXYFKFW2_tkLw3ocnx1ZQ=/206x305/v2/https://resizing.flixster.com/IATaLQOAfVzJ-wfnzriXuACjmgU=/ems.cHJkLWVtcy1hc3NldHMvbW92aWVzLzU5ZjVjZTkzLTkwYjEtNDI5My04ZTY0LWMwNGMzM2M0MmYwOS53ZWJw
